backbone,stage,epochs_requested,train_size,combined_train_size,val_size,active_phases,augmentation_mode,use_cutmix,best_epoch,best_val_loss,best_val_balanced_accuracy,best_val_macro_auc,auc_AK,auc_BCC,auc_BKL,auc_DF,auc_MEL,auc_NV,auc_SCC,auc_VASC,history_path,pred_path,report_path,checkpoint_path
resnet50,baseline,5,21531,21531,3800,phase1,on_the_fly_cumulative_transform,False,5,1.0680244411920246,0.7016344836747075,0.9558561209835839,0.9640117375812198,0.9776590442320569,0.9309593998050618,0.9726650135789349,0.9051162272123421,0.9444877154278464,0.9545590244686593,0.9973908055625508,/sfs/gpfs/tardis/home/gsr3qz/UVA_MSDS_DS_6050_ML_III_Deep_Learning_Project_Ashby_Colbert_Kuchta_Pugmire/outputs/metrics/resnet50_baseline_history.csv,/sfs/gpfs/tardis/home/gsr3qz/UVA_MSDS_DS_6050_ML_III_Deep_Learning_Project_Ashby_Colbert_Kuchta_Pugmire/outputs/preds/resnet50_baseline_predictions.csv,/sfs/gpfs/tardis/home/gsr3qz/UVA_MSDS_DS_6050_ML_III_Deep_Learning_Project_Ashby_Colbert_Kuchta_Pugmire/outputs/reports/04_ablation_study/resnet50_baseline_classification_report.json,/sfs/gpfs/tardis/home/gsr3qz/UVA_MSDS_DS_6050_ML_III_Deep_Learning_Project_Ashby_Colbert_Kuchta_Pugmire/outputs/checkpoints/resnet50_baseline_best.pt
resnet50,phase1_plus_2,5,21531,21531,3800,phase1+phase2,on_the_fly_cumulative_transform,False,5,0.7253705461401688,0.7475898236957594,0.9592991877339746,0.9733053867113812,0.9764223994793586,0.9313200652178448,0.9922437714015822,0.8913335563202621,0.9466351014771521,0.9652317690691345,0.9979014521950811,/sfs/gpfs/tardis/home/gsr3qz/UVA_MSDS_DS_6050_ML_III_Deep_Learning_Project_Ashby_Colbert_Kuchta_Pugmire/outputs/metrics/resnet50_phase1_plus_2_history.csv,/sfs/gpfs/tardis/home/gsr3qz/UVA_MSDS_DS_6050_ML_III_Deep_Learning_Project_Ashby_Colbert_Kuchta_Pugmire/outputs/preds/resnet50_phase1_plus_2_predictions.csv,/sfs/gpfs/tardis/home/gsr3qz/UVA_MSDS_DS_6050_ML_III_Deep_Learning_Project_Ashby_Colbert_Kuchta_Pugmire/outputs/reports/04_ablation_study/resnet50_phase1_plus_2_classification_report.json,/sfs/gpfs/tardis/home/gsr3qz/UVA_MSDS_DS_6050_ML_III_Deep_Learning_Project_Ashby_Colbert_Kuchta_Pugmire/outputs/checkpoints/resnet50_phase1_plus_2_best.pt
resnet50,phase1_plus_2_plus_3,5,21531,21531,3800,phase1+phase2+phase3,on_the_fly_cumulative_transform,False,5,0.7594626875927574,0.7321140848982037,0.9545978696554067,0.9667512051980717,0.9703399528532981,0.928634449210262,0.9920814145707876,0.8870642070074588,0.9470421350392723,0.9529629927317403,0.9919066006323625,/sfs/gpfs/tardis/home/gsr3qz/UVA_MSDS_DS_6050_ML_III_Deep_Learning_Project_Ashby_Colbert_Kuchta_Pugmire/outputs/metrics/resnet50_phase1_plus_2_plus_3_history.csv,/sfs/gpfs/tardis/home/gsr3qz/UVA_MSDS_DS_6050_ML_III_Deep_Learning_Project_Ashby_Colbert_Kuchta_Pugmire/outputs/preds/resnet50_phase1_plus_2_plus_3_predictions.csv,/sfs/gpfs/tardis/home/gsr3qz/UVA_MSDS_DS_6050_ML_III_Deep_Learning_Project_Ashby_Colbert_Kuchta_Pugmire/outputs/reports/04_ablation_study/resnet50_phase1_plus_2_plus_3_classification_report.json,/sfs/gpfs/tardis/home/gsr3qz/UVA_MSDS_DS_6050_ML_III_Deep_Learning_Project_Ashby_Colbert_Kuchta_Pugmire/outputs/checkpoints/resnet50_phase1_plus_2_plus_3_best.pt
resnet50,phase1_plus_2_plus_3_plus_4,5,21531,21531,3800,phase1+phase2+phase3+phase4,on_the_fly_cumulative_transform,True,5,0.809279615377125,0.7113592151441938,0.9472661597249131,0.9517962691259694,0.95701187288239,0.9133389569317805,0.9620527807297201,0.8938681429157241,0.9353379112833085,0.9689204395402511,0.995802904390162,/sfs/gpfs/tardis/home/gsr3qz/UVA_MSDS_DS_6050_ML_III_Deep_Learning_Project_Ashby_Colbert_Kuchta_Pugmire/outputs/metrics/resnet50_phase1_plus_2_plus_3_plus_4_history.csv,/sfs/gpfs/tardis/home/gsr3qz/UVA_MSDS_DS_6050_ML_III_Deep_Learning_Project_Ashby_Colbert_Kuchta_Pugmire/outputs/preds/resnet50_phase1_plus_2_plus_3_plus_4_predictions.csv,/sfs/gpfs/tardis/home/gsr3qz/UVA_MSDS_DS_6050_ML_III_Deep_Learning_Project_Ashby_Colbert_Kuchta_Pugmire/outputs/reports/04_ablation_study/resnet50_phase1_plus_2_plus_3_plus_4_classification_report.json,/sfs/gpfs/tardis/home/gsr3qz/UVA_MSDS_DS_6050_ML_III_Deep_Learning_Project_Ashby_Colbert_Kuchta_Pugmire/outputs/checkpoints/resnet50_phase1_plus_2_plus_3_plus_4_best.pt
efficientnet_b0,baseline,5,21531,21531,3800,phase1,on_the_fly_cumulative_transform,False,4,0.6777127208207783,0.770305120182363,0.9631391765025055,0.9749255921190527,0.981707128282618,0.9265405033219967,0.9935204864801039,0.9140862543676147,0.9487786083774655,0.9660584905443731,0.9994963485268195,/sfs/gpfs/tardis/home/gsr3qz/UVA_MSDS_DS_6050_ML_III_Deep_Learning_Project_Ashby_Colbert_Kuchta_Pugmire/outputs/metrics/efficientnet_b0_baseline_history.csv,/sfs/gpfs/tardis/home/gsr3qz/UVA_MSDS_DS_6050_ML_III_Deep_Learning_Project_Ashby_Colbert_Kuchta_Pugmire/outputs/preds/efficientnet_b0_baseline_predictions.csv,/sfs/gpfs/tardis/home/gsr3qz/UVA_MSDS_DS_6050_ML_III_Deep_Learning_Project_Ashby_Colbert_Kuchta_Pugmire/outputs/reports/04_ablation_study/efficientnet_b0_baseline_classification_report.json,/sfs/gpfs/tardis/home/gsr3qz/UVA_MSDS_DS_6050_ML_III_Deep_Learning_Project_Ashby_Colbert_Kuchta_Pugmire/outputs/checkpoints/efficientnet_b0_baseline_best.pt
efficientnet_b0,phase1_plus_2,5,21531,21531,3800,phase1+phase2,on_the_fly_cumulative_transform,False,5,0.6617861313568918,0.7742818160639534,0.9626377380730089,0.9666652693355691,0.982990519056896,0.9379186028835349,0.9891885110402644,0.9046225379313994,0.9469664916339224,0.973533430549655,0.9992165421528303,/sfs/gpfs/tardis/home/gsr3qz/UVA_MSDS_DS_6050_ML_III_Deep_Learning_Project_Ashby_Colbert_Kuchta_Pugmire/outputs/metrics/efficientnet_b0_phase1_plus_2_history.csv,/sfs/gpfs/tardis/home/gsr3qz/UVA_MSDS_DS_6050_ML_III_Deep_Learning_Project_Ashby_Colbert_Kuchta_Pugmire/outputs/preds/efficientnet_b0_phase1_plus_2_predictions.csv,/sfs/gpfs/tardis/home/gsr3qz/UVA_MSDS_DS_6050_ML_III_Deep_Learning_Project_Ashby_Colbert_Kuchta_Pugmire/outputs/reports/04_ablation_study/efficientnet_b0_phase1_plus_2_classification_report.json,/sfs/gpfs/tardis/home/gsr3qz/UVA_MSDS_DS_6050_ML_III_Deep_Learning_Project_Ashby_Colbert_Kuchta_Pugmire/outputs/checkpoints/efficientnet_b0_phase1_plus_2_best.pt
efficientnet_b0,phase1_plus_2_plus_3,5,21531,21531,3800,phase1+phase2+phase3,on_the_fly_cumulative_transform,False,5,0.6866425645978828,0.7588311337347071,0.9600910380447323,0.9650744078809474,0.9798002548568814,0.9189113865945734,0.9924282678002124,0.9055461384522062,0.9464705147270507,0.9731688693435603,0.999328464702426,/sfs/gpfs/tardis/home/gsr3qz/UVA_MSDS_DS_6050_ML_III_Deep_Learning_Project_Ashby_Colbert_Kuchta_Pugmire/outputs/metrics/efficientnet_b0_phase1_plus_2_plus_3_history.csv,/sfs/gpfs/tardis/home/gsr3qz/UVA_MSDS_DS_6050_ML_III_Deep_Learning_Project_Ashby_Colbert_Kuchta_Pugmire/outputs/preds/efficientnet_b0_phase1_plus_2_plus_3_predictions.csv,/sfs/gpfs/tardis/home/gsr3qz/UVA_MSDS_DS_6050_ML_III_Deep_Learning_Project_Ashby_Colbert_Kuchta_Pugmire/outputs/reports/04_ablation_study/efficientnet_b0_phase1_plus_2_plus_3_classification_report.json,/sfs/gpfs/tardis/home/gsr3qz/UVA_MSDS_DS_6050_ML_III_Deep_Learning_Project_Ashby_Colbert_Kuchta_Pugmire/outputs/checkpoints/efficientnet_b0_phase1_plus_2_plus_3_best.pt
efficientnet_b0,phase1_plus_2_plus_3_plus_4,5,21531,21531,3800,phase1+phase2+phase3+phase4,on_the_fly_cumulative_transform,True,4,0.8093798479280974,0.726747486717388,0.9428967562223599,0.9470132047788723,0.9715304586756063,0.8859991773251741,0.9884800448695241,0.8674248222246159,0.9306707408814369,0.9529859572171637,0.9990696438064859,/sfs/gpfs/tardis/home/gsr3qz/UVA_MSDS_DS_6050_ML_III_Deep_Learning_Project_Ashby_Colbert_Kuchta_Pugmire/outputs/metrics/efficientnet_b0_phase1_plus_2_plus_3_plus_4_history.csv,/sfs/gpfs/tardis/home/gsr3qz/UVA_MSDS_DS_6050_ML_III_Deep_Learning_Project_Ashby_Colbert_Kuchta_Pugmire/outputs/preds/efficientnet_b0_phase1_plus_2_plus_3_plus_4_predictions.csv,/sfs/gpfs/tardis/home/gsr3qz/UVA_MSDS_DS_6050_ML_III_Deep_Learning_Project_Ashby_Colbert_Kuchta_Pugmire/outputs/reports/04_ablation_study/efficientnet_b0_phase1_plus_2_plus_3_plus_4_classification_report.json,/sfs/gpfs/tardis/home/gsr3qz/UVA_MSDS_DS_6050_ML_III_Deep_Learning_Project_Ashby_Colbert_Kuchta_Pugmire/outputs/checkpoints/efficientnet_b0_phase1_plus_2_plus_3_plus_4_best.pt
densenet121,baseline,5,21531,21531,3800,phase1,on_the_fly_cumulative_transform,False,5,0.8040744696165386,0.7416119709433814,0.9563214033729439,0.9724586040662335,0.9776687576910865,0.9106533409241977,0.9852476679655213,0.896958307113472,0.9449327092336768,0.9632883994901884,0.9993634404991746,/sfs/gpfs/tardis/home/gsr3qz/UVA_MSDS_DS_6050_ML_III_Deep_Learning_Project_Ashby_Colbert_Kuchta_Pugmire/outputs/metrics/densenet121_baseline_history.csv,/sfs/gpfs/tardis/home/gsr3qz/UVA_MSDS_DS_6050_ML_III_Deep_Learning_Project_Ashby_Colbert_Kuchta_Pugmire/outputs/preds/densenet121_baseline_predictions.csv,/sfs/gpfs/tardis/home/gsr3qz/UVA_MSDS_DS_6050_ML_III_Deep_Learning_Project_Ashby_Colbert_Kuchta_Pugmire/outputs/reports/04_ablation_study/densenet121_baseline_classification_report.json,/sfs/gpfs/tardis/home/gsr3qz/UVA_MSDS_DS_6050_ML_III_Deep_Learning_Project_Ashby_Colbert_Kuchta_Pugmire/outputs/checkpoints/densenet121_baseline_best.pt
densenet121,phase1_plus_2,5,21531,21531,3800,phase1+phase2,on_the_fly_cumulative_transform,False,4,0.7490512015945033,0.7367266208815453,0.9550128379586506,0.967616851813037,0.9692502241684217,0.9074453562092576,0.9840152320226709,0.9071906670521694,0.940916404616298,0.9668507652914767,0.9968172024958729,/sfs/gpfs/tardis/home/gsr3qz/UVA_MSDS_DS_6050_ML_III_Deep_Learning_Project_Ashby_Colbert_Kuchta_Pugmire/outputs/metrics/densenet121_phase1_plus_2_history.csv,/sfs/gpfs/tardis/home/gsr3qz/UVA_MSDS_DS_6050_ML_III_Deep_Learning_Project_Ashby_Colbert_Kuchta_Pugmire/outputs/preds/densenet121_phase1_plus_2_predictions.csv,/sfs/gpfs/tardis/home/gsr3qz/UVA_MSDS_DS_6050_ML_III_Deep_Learning_Project_Ashby_Colbert_Kuchta_Pugmire/outputs/reports/04_ablation_study/densenet121_phase1_plus_2_classification_report.json,/sfs/gpfs/tardis/home/gsr3qz/UVA_MSDS_DS_6050_ML_III_Deep_Learning_Project_Ashby_Colbert_Kuchta_Pugmire/outputs/checkpoints/densenet121_phase1_plus_2_best.pt
densenet121,phase1_plus_2_plus_3,5,21531,21531,3800,phase1+phase2+phase3,on_the_fly_cumulative_transform,False,4,0.7967139168789512,0.7120591398177363,0.9528761083539041,0.9630391951372878,0.9704085541576944,0.9148211129359656,0.989483705278073,0.8860645452672914,0.9365872743408981,0.9646260807660951,0.9979783989479281,/sfs/gpfs/tardis/home/gsr3qz/UVA_MSDS_DS_6050_ML_III_Deep_Learning_Project_Ashby_Colbert_Kuchta_Pugmire/outputs/metrics/densenet121_phase1_plus_2_plus_3_history.csv,/sfs/gpfs/tardis/home/gsr3qz/UVA_MSDS_DS_6050_ML_III_Deep_Learning_Project_Ashby_Colbert_Kuchta_Pugmire/outputs/preds/densenet121_phase1_plus_2_plus_3_predictions.csv,/sfs/gpfs/tardis/home/gsr3qz/UVA_MSDS_DS_6050_ML_III_Deep_Learning_Project_Ashby_Colbert_Kuchta_Pugmire/outputs/reports/04_ablation_study/densenet121_phase1_plus_2_plus_3_classification_report.json,/sfs/gpfs/tardis/home/gsr3qz/UVA_MSDS_DS_6050_ML_III_Deep_Learning_Project_Ashby_Colbert_Kuchta_Pugmire/outputs/checkpoints/densenet121_phase1_plus_2_plus_3_best.pt
densenet121,phase1_plus_2_plus_3_plus_4,5,21531,21531,3800,phase1+phase2+phase3+phase4,on_the_fly_cumulative_transform,True,5,0.8871816833395707,0.6971369716088868,0.9398233492121603,0.933024523160763,0.9590826609292502,0.9021568387825605,0.9765025386704451,0.8732338206920531,0.9281440294770992,0.9610063037512486,0.9854360782338623,/sfs/gpfs/tardis/home/gsr3qz/UVA_MSDS_DS_6050_ML_III_Deep_Learning_Project_Ashby_Colbert_Kuchta_Pugmire/outputs/metrics/densenet121_phase1_plus_2_plus_3_plus_4_history.csv,/sfs/gpfs/tardis/home/gsr3qz/UVA_MSDS_DS_6050_ML_III_Deep_Learning_Project_Ashby_Colbert_Kuchta_Pugmire/outputs/preds/densenet121_phase1_plus_2_plus_3_plus_4_predictions.csv,/sfs/gpfs/tardis/home/gsr3qz/UVA_MSDS_DS_6050_ML_III_Deep_Learning_Project_Ashby_Colbert_Kuchta_Pugmire/outputs/reports/04_ablation_study/densenet121_phase1_plus_2_plus_3_plus_4_classification_report.json,/sfs/gpfs/tardis/home/gsr3qz/UVA_MSDS_DS_6050_ML_III_Deep_Learning_Project_Ashby_Colbert_Kuchta_Pugmire/outputs/checkpoints/densenet121_phase1_plus_2_plus_3_plus_4_best.pt
