backbone,stage,epochs_requested,combined_train_size,val_size,use_cutmix,best_epoch,best_val_loss,best_val_balanced_accuracy,best_val_macro_auc,auc_AK,auc_BCC,auc_BKL,auc_DF,auc_MEL,auc_NV,auc_SCC,auc_VASC,history_path,pred_path,report_path,checkpoint_path
resnet50,baseline,1,1239,386,False,1,1.764430592097149,0.3063020833333333,0.7098533022691997,0.7914018361581922,0.7565273311897107,0.6782851018220794,0.6456424079065589,0.7256591639871383,0.505037513397642,0.6580340699815839,0.9182389937106918,/sfs/gpfs/tardis/home/gsr3qz/UVA_MSDS_DS_6050_ML_III_Deep_Learning_Project_Ashby_Colbert_Kuchta_Pugmire/outputs/metrics/resnet50_baseline_history.csv,/sfs/gpfs/tardis/home/gsr3qz/UVA_MSDS_DS_6050_ML_III_Deep_Learning_Project_Ashby_Colbert_Kuchta_Pugmire/outputs/preds/resnet50_baseline_predictions.csv,/sfs/gpfs/tardis/home/gsr3qz/UVA_MSDS_DS_6050_ML_III_Deep_Learning_Project_Ashby_Colbert_Kuchta_Pugmire/outputs/reports/04_ablation_study/resnet50_baseline_classification_report.json,/sfs/gpfs/tardis/home/gsr3qz/UVA_MSDS_DS_6050_ML_III_Deep_Learning_Project_Ashby_Colbert_Kuchta_Pugmire/outputs/checkpoints/resnet50_baseline_best.pt
resnet50,phase1_plus_2,1,2478,386,False,1,1.4435808670953147,0.3966145833333333,0.7880590630958163,0.7737464689265536,0.772347266881029,0.6983494105037513,0.8630727762803234,0.812647374062165,0.6783279742765275,0.7234116022099447,0.9825696316262355,/sfs/gpfs/tardis/home/gsr3qz/UVA_MSDS_DS_6050_ML_III_Deep_Learning_Project_Ashby_Colbert_Kuchta_Pugmire/outputs/metrics/resnet50_phase1_plus_2_history.csv,/sfs/gpfs/tardis/home/gsr3qz/UVA_MSDS_DS_6050_ML_III_Deep_Learning_Project_Ashby_Colbert_Kuchta_Pugmire/outputs/preds/resnet50_phase1_plus_2_predictions.csv,/sfs/gpfs/tardis/home/gsr3qz/UVA_MSDS_DS_6050_ML_III_Deep_Learning_Project_Ashby_Colbert_Kuchta_Pugmire/outputs/reports/04_ablation_study/resnet50_phase1_plus_2_classification_report.json,/sfs/gpfs/tardis/home/gsr3qz/UVA_MSDS_DS_6050_ML_III_Deep_Learning_Project_Ashby_Colbert_Kuchta_Pugmire/outputs/checkpoints/resnet50_phase1_plus_2_best.pt
resnet50,phase1_plus_2_plus_3,1,3717,386,False,1,1.3748351570238104,0.4203125,0.8149449876228595,0.8155896892655367,0.81037513397642,0.7434941050375133,0.7987421383647799,0.7951982851018221,0.8113183279742765,0.7707182320441989,0.9741239892183289,/sfs/gpfs/tardis/home/gsr3qz/UVA_MSDS_DS_6050_ML_III_Deep_Learning_Project_Ashby_Colbert_Kuchta_Pugmire/outputs/metrics/resnet50_phase1_plus_2_plus_3_history.csv,/sfs/gpfs/tardis/home/gsr3qz/UVA_MSDS_DS_6050_ML_III_Deep_Learning_Project_Ashby_Colbert_Kuchta_Pugmire/outputs/preds/resnet50_phase1_plus_2_plus_3_predictions.csv,/sfs/gpfs/tardis/home/gsr3qz/UVA_MSDS_DS_6050_ML_III_Deep_Learning_Project_Ashby_Colbert_Kuchta_Pugmire/outputs/reports/04_ablation_study/resnet50_phase1_plus_2_plus_3_classification_report.json,/sfs/gpfs/tardis/home/gsr3qz/UVA_MSDS_DS_6050_ML_III_Deep_Learning_Project_Ashby_Colbert_Kuchta_Pugmire/outputs/checkpoints/resnet50_phase1_plus_2_plus_3_best.pt
resnet50,phase1_plus_2_plus_3_plus_4,1,4956,386,True,1,1.3320658206939697,0.45776041666666667,0.8248876211828973,0.824947033898305,0.8260664523043945,0.7509539121114683,0.7883198562443846,0.8195069667738477,0.8329689174705251,0.764963167587477,0.9913746630727762,/sfs/gpfs/tardis/home/gsr3qz/UVA_MSDS_DS_6050_ML_III_Deep_Learning_Project_Ashby_Colbert_Kuchta_Pugmire/outputs/metrics/resnet50_phase1_plus_2_plus_3_plus_4_history.csv,/sfs/gpfs/tardis/home/gsr3qz/UVA_MSDS_DS_6050_ML_III_Deep_Learning_Project_Ashby_Colbert_Kuchta_Pugmire/outputs/preds/resnet50_phase1_plus_2_plus_3_plus_4_predictions.csv,/sfs/gpfs/tardis/home/gsr3qz/UVA_MSDS_DS_6050_ML_III_Deep_Learning_Project_Ashby_Colbert_Kuchta_Pugmire/outputs/reports/04_ablation_study/resnet50_phase1_plus_2_plus_3_plus_4_classification_report.json,/sfs/gpfs/tardis/home/gsr3qz/UVA_MSDS_DS_6050_ML_III_Deep_Learning_Project_Ashby_Colbert_Kuchta_Pugmire/outputs/checkpoints/resnet50_phase1_plus_2_plus_3_plus_4_best.pt
efficientnet_b0,baseline,1,1239,386,False,1,1.8610053593630618,0.33130208333333333,0.7249832709571689,0.7227224576271187,0.7043944265809219,0.6521757770632368,0.7090745732255166,0.7219721329046088,0.7203001071811361,0.6296040515653775,0.939622641509434,/sfs/gpfs/tardis/home/gsr3qz/UVA_MSDS_DS_6050_ML_III_Deep_Learning_Project_Ashby_Colbert_Kuchta_Pugmire/outputs/metrics/efficientnet_b0_baseline_history.csv,/sfs/gpfs/tardis/home/gsr3qz/UVA_MSDS_DS_6050_ML_III_Deep_Learning_Project_Ashby_Colbert_Kuchta_Pugmire/outputs/preds/efficientnet_b0_baseline_predictions.csv,/sfs/gpfs/tardis/home/gsr3qz/UVA_MSDS_DS_6050_ML_III_Deep_Learning_Project_Ashby_Colbert_Kuchta_Pugmire/outputs/reports/04_ablation_study/efficientnet_b0_baseline_classification_report.json,/sfs/gpfs/tardis/home/gsr3qz/UVA_MSDS_DS_6050_ML_III_Deep_Learning_Project_Ashby_Colbert_Kuchta_Pugmire/outputs/checkpoints/efficientnet_b0_baseline_best.pt
efficientnet_b0,phase1_plus_2,1,2478,386,False,1,1.5015638967869813,0.39255208333333336,0.8061383482596518,0.8401306497175142,0.8314683815648446,0.7338049303322616,0.8343216531895777,0.7410075026795284,0.7487245444801715,0.7451657458563535,0.9744833782569632,/sfs/gpfs/tardis/home/gsr3qz/UVA_MSDS_DS_6050_ML_III_Deep_Learning_Project_Ashby_Colbert_Kuchta_Pugmire/outputs/metrics/efficientnet_b0_phase1_plus_2_history.csv,/sfs/gpfs/tardis/home/gsr3qz/UVA_MSDS_DS_6050_ML_III_Deep_Learning_Project_Ashby_Colbert_Kuchta_Pugmire/outputs/preds/efficientnet_b0_phase1_plus_2_predictions.csv,/sfs/gpfs/tardis/home/gsr3qz/UVA_MSDS_DS_6050_ML_III_Deep_Learning_Project_Ashby_Colbert_Kuchta_Pugmire/outputs/reports/04_ablation_study/efficientnet_b0_phase1_plus_2_classification_report.json,/sfs/gpfs/tardis/home/gsr3qz/UVA_MSDS_DS_6050_ML_III_Deep_Learning_Project_Ashby_Colbert_Kuchta_Pugmire/outputs/checkpoints/efficientnet_b0_phase1_plus_2_best.pt
efficientnet_b0,phase1_plus_2_plus_3,1,3717,386,False,1,1.2937244430107155,0.43088541666666663,0.8330259611871406,0.8131179378531074,0.8390139335476957,0.7774062165058951,0.8957771787960467,0.810032154340836,0.7939978563772777,0.758402394106814,0.9764600179694519,/sfs/gpfs/tardis/home/gsr3qz/UVA_MSDS_DS_6050_ML_III_Deep_Learning_Project_Ashby_Colbert_Kuchta_Pugmire/outputs/metrics/efficientnet_b0_phase1_plus_2_plus_3_history.csv,/sfs/gpfs/tardis/home/gsr3qz/UVA_MSDS_DS_6050_ML_III_Deep_Learning_Project_Ashby_Colbert_Kuchta_Pugmire/outputs/preds/efficientnet_b0_phase1_plus_2_plus_3_predictions.csv,/sfs/gpfs/tardis/home/gsr3qz/UVA_MSDS_DS_6050_ML_III_Deep_Learning_Project_Ashby_Colbert_Kuchta_Pugmire/outputs/reports/04_ablation_study/efficientnet_b0_phase1_plus_2_plus_3_classification_report.json,/sfs/gpfs/tardis/home/gsr3qz/UVA_MSDS_DS_6050_ML_III_Deep_Learning_Project_Ashby_Colbert_Kuchta_Pugmire/outputs/checkpoints/efficientnet_b0_phase1_plus_2_plus_3_best.pt
efficientnet_b0,phase1_plus_2_plus_3_plus_4,1,4956,386,True,1,1.256791011657122,0.43463541666666666,0.836072905557925,0.7740112994350282,0.8537191854233654,0.742722400857449,0.8975741239892183,0.8007288317256163,0.8066023579849947,0.8284990791896869,0.9847259658580414,/sfs/gpfs/tardis/home/gsr3qz/UVA_MSDS_DS_6050_ML_III_Deep_Learning_Project_Ashby_Colbert_Kuchta_Pugmire/outputs/metrics/efficientnet_b0_phase1_plus_2_plus_3_plus_4_history.csv,/sfs/gpfs/tardis/home/gsr3qz/UVA_MSDS_DS_6050_ML_III_Deep_Learning_Project_Ashby_Colbert_Kuchta_Pugmire/outputs/preds/efficientnet_b0_phase1_plus_2_plus_3_plus_4_predictions.csv,/sfs/gpfs/tardis/home/gsr3qz/UVA_MSDS_DS_6050_ML_III_Deep_Learning_Project_Ashby_Colbert_Kuchta_Pugmire/outputs/reports/04_ablation_study/efficientnet_b0_phase1_plus_2_plus_3_plus_4_classification_report.json,/sfs/gpfs/tardis/home/gsr3qz/UVA_MSDS_DS_6050_ML_III_Deep_Learning_Project_Ashby_Colbert_Kuchta_Pugmire/outputs/checkpoints/efficientnet_b0_phase1_plus_2_plus_3_plus_4_best.pt
densenet121,baseline,1,1239,386,False,1,1.3531585666182127,0.4239583333333333,0.8193982146783263,0.8040254237288136,0.8326688102893891,0.7055948553054663,0.9336927223719677,0.7972990353697749,0.757642015005359,0.7612799263351749,0.9629829290206648,/sfs/gpfs/tardis/home/gsr3qz/UVA_MSDS_DS_6050_ML_III_Deep_Learning_Project_Ashby_Colbert_Kuchta_Pugmire/outputs/metrics/densenet121_baseline_history.csv,/sfs/gpfs/tardis/home/gsr3qz/UVA_MSDS_DS_6050_ML_III_Deep_Learning_Project_Ashby_Colbert_Kuchta_Pugmire/outputs/preds/densenet121_baseline_predictions.csv,/sfs/gpfs/tardis/home/gsr3qz/UVA_MSDS_DS_6050_ML_III_Deep_Learning_Project_Ashby_Colbert_Kuchta_Pugmire/outputs/reports/04_ablation_study/densenet121_baseline_classification_report.json,/sfs/gpfs/tardis/home/gsr3qz/UVA_MSDS_DS_6050_ML_III_Deep_Learning_Project_Ashby_Colbert_Kuchta_Pugmire/outputs/checkpoints/densenet121_baseline_best.pt
densenet121,phase1_plus_2,1,2478,386,False,1,1.1828664843900216,0.4800520833333333,0.8600510092861176,0.8342161016949152,0.872411575562701,0.7459807073954985,0.9189577717879605,0.834855305466238,0.852433011789925,0.8431169429097607,0.9784366576819407,/sfs/gpfs/tardis/home/gsr3qz/UVA_MSDS_DS_6050_ML_III_Deep_Learning_Project_Ashby_Colbert_Kuchta_Pugmire/outputs/metrics/densenet121_phase1_plus_2_history.csv,/sfs/gpfs/tardis/home/gsr3qz/UVA_MSDS_DS_6050_ML_III_Deep_Learning_Project_Ashby_Colbert_Kuchta_Pugmire/outputs/preds/densenet121_phase1_plus_2_predictions.csv,/sfs/gpfs/tardis/home/gsr3qz/UVA_MSDS_DS_6050_ML_III_Deep_Learning_Project_Ashby_Colbert_Kuchta_Pugmire/outputs/reports/04_ablation_study/densenet121_phase1_plus_2_classification_report.json,/sfs/gpfs/tardis/home/gsr3qz/UVA_MSDS_DS_6050_ML_III_Deep_Learning_Project_Ashby_Colbert_Kuchta_Pugmire/outputs/checkpoints/densenet121_phase1_plus_2_best.pt
densenet121,phase1_plus_2_plus_3,1,3717,386,False,1,1.1312383963036414,0.5066145833333333,0.8730217589194009,0.8348340395480226,0.9164844587352626,0.8135905680600215,0.9252470799640611,0.8212218649517685,0.8780707395498393,0.8047882136279926,0.989937106918239,/sfs/gpfs/tardis/home/gsr3qz/UVA_MSDS_DS_6050_ML_III_Deep_Learning_Project_Ashby_Colbert_Kuchta_Pugmire/outputs/metrics/densenet121_phase1_plus_2_plus_3_history.csv,/sfs/gpfs/tardis/home/gsr3qz/UVA_MSDS_DS_6050_ML_III_Deep_Learning_Project_Ashby_Colbert_Kuchta_Pugmire/outputs/preds/densenet121_phase1_plus_2_plus_3_predictions.csv,/sfs/gpfs/tardis/home/gsr3qz/UVA_MSDS_DS_6050_ML_III_Deep_Learning_Project_Ashby_Colbert_Kuchta_Pugmire/outputs/reports/04_ablation_study/densenet121_phase1_plus_2_plus_3_classification_report.json,/sfs/gpfs/tardis/home/gsr3qz/UVA_MSDS_DS_6050_ML_III_Deep_Learning_Project_Ashby_Colbert_Kuchta_Pugmire/outputs/checkpoints/densenet121_phase1_plus_2_plus_3_best.pt
densenet121,phase1_plus_2_plus_3_plus_4,1,4956,386,True,1,1.1885576612591127,0.48458333333333337,0.8674388025332918,0.8567266949152543,0.8962486602357985,0.8031725616291533,0.8999101527403415,0.8408574490889604,0.8796570203644158,0.7925874769797422,0.9703504043126685,/sfs/gpfs/tardis/home/gsr3qz/UVA_MSDS_DS_6050_ML_III_Deep_Learning_Project_Ashby_Colbert_Kuchta_Pugmire/outputs/metrics/densenet121_phase1_plus_2_plus_3_plus_4_history.csv,/sfs/gpfs/tardis/home/gsr3qz/UVA_MSDS_DS_6050_ML_III_Deep_Learning_Project_Ashby_Colbert_Kuchta_Pugmire/outputs/preds/densenet121_phase1_plus_2_plus_3_plus_4_predictions.csv,/sfs/gpfs/tardis/home/gsr3qz/UVA_MSDS_DS_6050_ML_III_Deep_Learning_Project_Ashby_Colbert_Kuchta_Pugmire/outputs/reports/04_ablation_study/densenet121_phase1_plus_2_plus_3_plus_4_classification_report.json,/sfs/gpfs/tardis/home/gsr3qz/UVA_MSDS_DS_6050_ML_III_Deep_Learning_Project_Ashby_Colbert_Kuchta_Pugmire/outputs/checkpoints/densenet121_phase1_plus_2_plus_3_plus_4_best.pt
