lesion_id,true_label_idx,true_label,milk_label_raw,prob_AK,prob_BCC,prob_BKL,prob_DF,prob_MEL,prob_NV,prob_SCC,prob_VASC,pred_label_idx,pred_label,backbone,stage
IL_0005081,6,SCC,SCCKA,0.08944898471236229,0.46542808413505554,0.1683805100619793,0.008344586938619614,0.06357105076313019,0.15974516049027443,0.04075192380696535,0.0043296689400449395,1,BCC,densenet121,phase1_plus_2_plus_3_plus_4
IL_0076383,2,BKL,BKL,0.003829439985565841,0.009611852467060089,0.633636862039566,0.0038307480281218886,0.01602819189429283,0.324402816593647,0.003968094475567341,0.004691966692917049,2,BKL,densenet121,phase1_plus_2_plus_3_plus_4
IL_0097757,2,BKL,BKL,0.0027197235031053424,0.07366492319852114,0.19174474757164717,0.0047470153658650815,0.04574080929160118,0.2134379744529724,0.4588259104639292,0.009118881251197308,6,SCC,densenet121,phase1_plus_2_plus_3_plus_4
IL_0106759,3,DF,DF,0.007355272566201165,0.05456679637427442,0.003564746060874313,0.5001164460554719,0.025185242062434554,0.40247497739619575,0.0038601907435804605,0.002876295880014368,3,DF,densenet121,phase1_plus_2_plus_3_plus_4
IL_0142779,6,SCC,SCCKA,0.037779590114951134,0.039406560361385345,0.5662831366062164,0.0075324802892282605,0.05653315968811512,0.03569408878684044,0.2552550435066223,0.001515967509476468,2,BKL,densenet121,phase1_plus_2_plus_3_plus_4
IL_0159004,6,SCC,SCCKA,0.01582430535927415,0.2148875929415226,0.08308337070047855,0.019012678880244493,0.2565982025116682,0.26169293746352196,0.13695501303300261,0.011945937760174274,5,NV,densenet121,phase1_plus_2_plus_3_plus_4
IL_0159486,4,MEL,MEL,0.010815339628607035,0.17501460202038288,0.4786471799015999,0.006887850118800998,0.03771795425564051,0.252353273332119,0.03351247124373913,0.005051281535997987,2,BKL,densenet121,phase1_plus_2_plus_3_plus_4
IL_0169358,2,BKL,BKL,0.00928042910527438,0.46733639389276505,0.04513860587030649,0.01724495366215706,0.02183889993466437,0.04527816455811262,0.39201494213193655,0.0018676529871299863,1,BCC,densenet121,phase1_plus_2_plus_3_plus_4
IL_0180498,1,BCC,BCC,0.0047942965175025165,0.33452317863702774,0.05123829748481512,0.30884596705436707,0.008891135454177856,0.07574078626930714,0.21225914731621742,0.0037071770057082176,1,BCC,densenet121,phase1_plus_2_plus_3_plus_4
IL_0184125,3,DF,DF,0.0033987722727033542,0.05654522101212933,0.027337120278389193,0.6364834904670715,0.003399562876438722,0.2500424382596975,0.02043141523608938,0.0023620520241820486,3,DF,densenet121,phase1_plus_2_plus_3_plus_4
IL_0215570,1,BCC,BCC,0.012715333141386509,0.7928912341594696,0.042445434257388115,0.007942397613078356,0.014296482084318995,0.09129375591874123,0.028612387366592884,0.009802986402064562,1,BCC,densenet121,phase1_plus_2_plus_3_plus_4
IL_0262742,0,AK,AKIEC,0.5073129869997501,0.013805371709167957,0.412341762566939,0.0008670766655995976,0.01704737008549273,0.028853300726041198,0.019448253442533314,0.000323854066664353,0,AK,densenet121,phase1_plus_2_plus_3_plus_4
IL_0285359,6,SCC,SCCKA,0.09520887373946607,0.3850442171096802,0.018022523261606693,0.0011585305037442595,0.02232607069890946,0.05888564791530371,0.4173611290752888,0.001993002777453512,6,SCC,densenet121,phase1_plus_2_plus_3_plus_4
IL_0286681,3,DF,DF,0.0024337987001672445,0.008043310429457051,0.006158668962598313,0.6925500184297562,0.0066514505742816254,0.27854161944560474,0.0033758622739696875,0.0022452750836805535,3,DF,densenet121,phase1_plus_2_plus_3_plus_4
IL_0335720,3,DF,DF,0.011665641330182552,0.1152070127427578,0.07892764918506145,0.014562452211976051,0.020265550352633,0.05117579083889723,0.2909759597387165,0.41721997782588005,7,VASC,densenet121,phase1_plus_2_plus_3_plus_4
IL_0340330,7,VASC,VASC,0.0011967439204454422,0.08953468687832355,0.025671685580164194,0.02334778942167759,0.011449664831161499,0.013491023797541857,0.0023757310409564525,0.8329326808452606,7,VASC,densenet121,phase1_plus_2_plus_3_plus_4
IL_0503827,0,AK,AKIEC,0.0040278003725688905,0.020857502706348896,0.037689222022891045,0.019091098802164197,0.01430237665772438,0.015195554122328758,0.8884317278862,0.00040475986315868795,6,SCC,densenet121,phase1_plus_2_plus_3_plus_4
IL_0540027,5,NV,NV,0.017652452224865556,0.03517275769263506,0.10792359337210655,0.01503065531142056,0.08195512928068638,0.7100964188575745,0.01699319016188383,0.015175842680037022,5,NV,densenet121,phase1_plus_2_plus_3_plus_4
IL_0588181,4,MEL,MEL,0.00365449144737795,0.015414479654282331,0.5989113003015518,0.0017381553770974278,0.34018913423642516,0.03356124833226204,0.0041469570132903755,0.0023841937072575092,2,BKL,densenet121,phase1_plus_2_plus_3_plus_4
IL_0607639,0,AK,AKIEC,0.00459463003790006,0.8659697771072388,0.022897379007190466,0.0017805801471695304,0.01659937109798193,0.04920355370268226,0.02929189964197576,0.009662895114161074,1,BCC,densenet121,phase1_plus_2_plus_3_plus_4
IL_0610224,6,SCC,SCCKA,0.0380672812461853,0.13193898275494576,0.5005626380443573,0.010965499328449368,0.025569365825504065,0.1946700077969581,0.09270834177732468,0.005517890094779432,2,BKL,densenet121,phase1_plus_2_plus_3_plus_4
IL_0688391,1,BCC,BCC,0.01197347603738308,0.66620272397995,0.04690547101199627,0.0356211643666029,0.09317047335207462,0.07529481593519449,0.06492395233362913,0.00590791751164943,1,BCC,densenet121,phase1_plus_2_plus_3_plus_4
IL_0694902,7,VASC,VASC,0.0007533188036177307,0.0009085802885238081,0.0027388216694816947,0.0005571135843638331,0.0022659264504909515,0.010334591148421168,0.000502262802910991,0.9819393455982208,7,VASC,densenet121,phase1_plus_2_plus_3_plus_4
IL_0705528,1,BCC,BCC,0.01017976482398808,0.33109915629029274,0.1109706275165081,0.02135381812695414,0.012907933909446001,0.037457347847521305,0.47509847581386566,0.0009328543528681621,6,SCC,densenet121,phase1_plus_2_plus_3_plus_4
IL_0739664,3,DF,DF,0.0032912694150581956,0.07405145838856697,0.06907612085342407,0.042279268614947796,0.42769403755664825,0.37012117356061935,0.008034470491111279,0.005452210549265146,4,MEL,densenet121,phase1_plus_2_plus_3_plus_4
IL_0752303,4,MEL,MEL,0.00225062295794487,0.017542740097269416,0.14355918020009995,0.008737453259527683,0.5037177503108978,0.3094313442707062,0.00878164847381413,0.005979262292385101,4,MEL,densenet121,phase1_plus_2_plus_3_plus_4
IL_0768157,1,BCC,BCC,0.22184716258198023,0.10933505836874247,0.2857297360897064,0.004913677694275975,0.01964010950177908,0.04208648391067982,0.3142056232318282,0.0022421295288950205,6,SCC,densenet121,phase1_plus_2_plus_3_plus_4
IL_0793725,0,AK,AKIEC,0.0038519453955814242,0.006018348925863393,0.5316036380827427,0.005053938017226756,0.008620050502941012,0.4294787960825488,0.013590036425739527,0.0017831988661782816,2,BKL,densenet121,phase1_plus_2_plus_3_plus_4
IL_0807184,0,AK,AKIEC,0.13841908890753984,0.2662438899278641,0.2537469118833542,0.010059008840471506,0.015505946706980467,0.22061277786269784,0.08064048120286316,0.01477191410958767,1,BCC,densenet121,phase1_plus_2_plus_3_plus_4
IL_0814216,6,SCC,SCCKA,0.1929947603493929,0.005984237650409341,0.5585934892296791,0.0023819811176508665,0.016455311561003327,0.02751419460400939,0.19527627574279904,0.0007997917418833822,2,BKL,densenet121,phase1_plus_2_plus_3_plus_4
IL_0868364,3,DF,DF,0.004252367773233345,0.04753711336525157,0.007628198422025889,0.6881542801856995,0.014668068804894574,0.10652168100932613,0.12992588803172112,0.0013123802791596972,3,DF,densenet121,phase1_plus_2_plus_3_plus_4
IL_0913190,5,NV,NV,0.0070057816337794065,0.10866498947143555,0.2696487195789814,0.024712579674087465,0.1662423461675644,0.15962592978030443,0.25818270817399025,0.005916981492191553,2,BKL,densenet121,phase1_plus_2_plus_3_plus_4
IL_0913483,5,NV,NV,0.0023829484707675874,0.019590639043599367,0.0988147221505642,0.013756570871919394,0.26618498424068093,0.5873547047376633,0.0059092724695801735,0.006006147596053779,5,NV,densenet121,phase1_plus_2_plus_3_plus_4
IL_0915251,7,VASC,VASC,0.004468858445761725,0.1802227981388569,0.21830493956804276,0.09619269124232233,0.02278094389475882,0.20065292716026306,0.1789756901562214,0.09840114414691925,2,BKL,densenet121,phase1_plus_2_plus_3_plus_4
IL_0931113,6,SCC,SCCKA,0.03227737871930003,0.662791445851326,0.16781659051775932,0.036450261482968926,0.03829969838261604,0.04878112184815109,0.011065009515732527,0.0025185050908476114,1,BCC,densenet121,phase1_plus_2_plus_3_plus_4
IL_0952894,5,NV,NV,0.024256981909275055,0.026423790492117405,0.2436856860294938,0.16773483948782086,0.23305580765008926,0.28744664043188095,0.012412915704771876,0.0049833644879981875,5,NV,densenet121,phase1_plus_2_plus_3_plus_4
IL_0960314,3,DF,DF,0.004340876445894537,0.1158437173216953,0.013166026379622053,0.5641326084733009,0.009157006348686991,0.28174761243280955,0.006917812737810891,0.004694287983511458,3,DF,densenet121,phase1_plus_2_plus_3_plus_4
IL_0967038,2,BKL,BKL,0.019160454045049846,0.031326764437835664,0.6483674794435501,0.0033682397042866796,0.19558139145374298,0.09884300237172283,0.0007527853013016284,0.0025998599594458938,2,BKL,densenet121,phase1_plus_2_plus_3_plus_4
IL_1003728,4,MEL,MEL,0.007491316879168153,0.009802434360608459,0.08594649168662727,0.015592454001307487,0.05430153012275696,0.8102841079235077,0.008707966655492783,0.007873672526329756,5,NV,densenet121,phase1_plus_2_plus_3_plus_4
IL_1013534,7,VASC,VASC,0.006715582218021154,0.0062162133399397135,0.01967631035950035,0.0055462492746300995,0.016761403065174818,0.017524159280583262,0.0010124368127435446,0.9265476763248444,7,VASC,densenet121,phase1_plus_2_plus_3_plus_4
IL_1032364,7,VASC,VASC,0.0014247723738662899,0.03739020673674531,0.013406263082288206,0.003921985953638796,0.013194934173952788,0.12170229913317598,0.0015533622645307332,0.8074061870574951,7,VASC,densenet121,phase1_plus_2_plus_3_plus_4
IL_1077349,5,NV,NV,0.004335833364166319,0.009354030946269631,0.07041832990944386,0.04151251073926687,0.12361117266118526,0.7392930686473846,0.0044551114551723,0.007019955897703767,5,NV,densenet121,phase1_plus_2_plus_3_plus_4
IL_1089053,0,AK,AKIEC,0.03394234459847212,0.6494027376174927,0.21932611614465714,0.006868282536743209,0.03600299172103405,0.015300657949410379,0.035792126785963774,0.0033648154931142926,1,BCC,densenet121,phase1_plus_2_plus_3_plus_4
IL_1131642,1,BCC,BCC,0.017181818024255335,0.8336314260959625,0.03632042370736599,0.0012019092973787338,0.012221954064443707,0.026354064233601093,0.0716985072940588,0.001389913319144398,1,BCC,densenet121,phase1_plus_2_plus_3_plus_4
IL_1170242,2,BKL,BKL,0.009000640828162432,0.3852417394518852,0.05823368299752474,0.0017673760157776996,0.008018079679459333,0.13231373578310013,0.40334900841116905,0.002075697004329413,6,SCC,densenet121,phase1_plus_2_plus_3_plus_4
IL_1185786,2,BKL,BKL,0.002381563594099134,0.004523871699348092,0.5909248888492584,0.037045923760160804,0.04886668734252453,0.1379227563738823,0.1755792034091428,0.00275508314371109,2,BKL,densenet121,phase1_plus_2_plus_3_plus_4
IL_1207845,7,VASC,VASC,0.0009972382395062596,0.0036744542921951506,0.004166805469139945,0.0008104260141408304,0.0035983765992568806,0.02943826293630991,0.00032312337134499103,0.9569913446903229,7,VASC,densenet121,phase1_plus_2_plus_3_plus_4
IL_1239256,6,SCC,SCCKA,0.09143653325736523,0.24105343781411648,0.2068764790892601,0.02056563412770629,0.16967586055397987,0.2331078201532364,0.03351835301145911,0.0037658578949049115,1,BCC,densenet121,phase1_plus_2_plus_3_plus_4
IL_1243946,2,BKL,BKL,0.17986470484174788,0.1411120891571045,0.29598518460989,0.018732014868874103,0.0367522444576025,0.2028447613120079,0.11566827446222305,0.009040726814419031,2,BKL,densenet121,phase1_plus_2_plus_3_plus_4
IL_1249286,4,MEL,MEL,0.004147075582295656,0.03791392408311367,0.026322394609451294,0.0007947028789203614,0.2824164107441902,0.04827349679544568,0.000569270720006898,0.5995627790689468,7,VASC,densenet121,phase1_plus_2_plus_3_plus_4
IL_1254806,2,BKL,BKL,0.00847444194369018,0.5436309576034546,0.07207190850749612,0.014841028023511171,0.011824693065136671,0.14859553845599294,0.19733559153974056,0.0032258224091492593,1,BCC,densenet121,phase1_plus_2_plus_3_plus_4
IL_1273535,2,BKL,BKL,0.12450479017570615,0.5374308824539185,0.12296338938176632,0.0009565266955178231,0.1326883491128683,0.05680433940142393,0.020551946945488453,0.004099771264009178,1,BCC,densenet121,phase1_plus_2_plus_3_plus_4
IL_1274050,2,BKL,BKL,0.03498366117128171,0.0052475975098786876,0.7531714737415314,0.002324436471099034,0.008212071261368692,0.18485415540635586,0.0006911583986948244,0.010515471949474886,2,BKL,densenet121,phase1_plus_2_plus_3_plus_4
IL_1320390,4,MEL,MEL,0.009339993295725435,0.02628781704697758,0.27644233778119087,0.01772700808942318,0.05146908218739554,0.06628262996673584,0.5410765036940575,0.011374585465091513,6,SCC,densenet121,phase1_plus_2_plus_3_plus_4
IL_1393586,0,AK,AKIEC,0.045182333793491125,0.0029470548615790904,0.4849217007867992,0.0010320303117623553,0.0018049879581667483,0.004880908643826842,0.4581144112162292,0.001116536557674408,2,BKL,densenet121,phase1_plus_2_plus_3_plus_4
IL_1405890,4,MEL,MEL,0.0036807653959840536,0.008022584719583392,0.20766713004559278,0.002198154164943844,0.5366766825318336,0.2361104805022478,0.0021704614628106356,0.003473709337413311,4,MEL,densenet121,phase1_plus_2_plus_3_plus_4
IL_1418796,2,BKL,BKL,0.0011597814445849508,0.015856058336794376,0.8225334584712982,0.001833155140047893,0.12795677036046982,0.025978040881454945,0.004025168716907501,0.0006575161241926253,2,BKL,densenet121,phase1_plus_2_plus_3_plus_4
IL_1427039,4,MEL,MEL,0.015826106420718133,0.055831674952059984,0.5567285865545273,0.0064504294423386455,0.06840807572007179,0.2793976366519928,0.007554700598120689,0.009802758926525712,2,BKL,densenet121,phase1_plus_2_plus_3_plus_4
IL_1438394,1,BCC,BCC,0.004190449835732579,0.4195290021598339,0.3408531714230776,0.007897979114204645,0.04699208494275808,0.0853199134580791,0.09284862875938416,0.002368756802752614,1,BCC,densenet121,phase1_plus_2_plus_3_plus_4
IL_1438397,2,BKL,BKL,0.00992437603417784,0.11296123825013638,0.25171471014618874,0.0014350332785397768,0.06236887210980058,0.11218749545514584,0.44787673419341445,0.0015315943164750934,6,SCC,densenet121,phase1_plus_2_plus_3_plus_4
IL_1445099,4,MEL,MEL,0.013897407334297895,0.028554780408740044,0.20300666242837906,0.0067487513879314065,0.5372301936149597,0.17680027149617672,0.028384644770994782,0.005377244669944048,4,MEL,densenet121,phase1_plus_2_plus_3_plus_4
IL_1446570,4,MEL,MEL,0.008627119939774275,0.01175261801108718,0.13757237419486046,0.02707776613533497,0.6450539529323578,0.15097163058817387,0.011566085740923882,0.007378468988463283,4,MEL,densenet121,phase1_plus_2_plus_3_plus_4
IL_1477835,3,DF,DF,0.015599284321069717,0.31638545636087656,0.013269019778817892,0.0035600942792370915,0.0197194442152977,0.15236717276275158,0.4775781352072954,0.001521352241979912,6,SCC,densenet121,phase1_plus_2_plus_3_plus_4
IL_1501614,0,AK,AKIEC,0.0784177016466856,0.15651369094848633,0.3390146568417549,0.0052737133810296655,0.17341529205441475,0.22603904642164707,0.016984403133392334,0.004341494059190154,2,BKL,densenet121,phase1_plus_2_plus_3_plus_4
IL_1504921,0,AK,AKIEC,0.26830766163766384,0.054994304897263646,0.07147280778735876,0.002206987817771733,0.008423930499702692,0.12462500901892781,0.4689340207260102,0.0010352707176934928,6,SCC,densenet121,phase1_plus_2_plus_3_plus_4
IL_1517338,6,SCC,SCCKA,0.012330133933573961,0.1102472236379981,0.3721183091402054,0.029247085563838482,0.15331090986728668,0.0469216238707304,0.27465688809752464,0.0011678230948746204,2,BKL,densenet121,phase1_plus_2_plus_3_plus_4
IL_1538395,6,SCC,SCCKA,0.0057397858472540975,0.26273788895923644,0.12184094352414832,0.02440242394732195,0.021703499205614207,0.057408152395510115,0.5052697015926242,0.0008976237186288927,6,SCC,densenet121,phase1_plus_2_plus_3_plus_4
IL_1556034,7,VASC,VASC,0.0024914026143960655,0.02001608326099813,0.02256010170094669,0.0017428340361220762,0.022496667690575123,0.10406846087425947,0.0006862597074359655,0.8259382247924805,7,VASC,densenet121,phase1_plus_2_plus_3_plus_4
IL_1575936,1,BCC,BCC,0.030612351838499308,0.19845104962587357,0.33917389437556267,0.02096069697290659,0.23443758860230446,0.10999193042516708,0.06263001949992031,0.003742474946193397,2,BKL,densenet121,phase1_plus_2_plus_3_plus_4
IL_1577473,6,SCC,SCCKA,0.014710615389049053,0.048112220130860806,0.29530462622642517,0.02522611990571022,0.01389882666990161,0.039679975248873234,0.5625430941581726,0.000524573159054853,6,SCC,densenet121,phase1_plus_2_plus_3_plus_4
IL_1606035,6,SCC,SCCKA,0.007440471788868308,0.002593867015093565,0.01699517446104437,0.003523932500684168,0.005312861409038305,0.0073200697370339185,0.9562342762947083,0.0005793778473162092,6,SCC,densenet121,phase1_plus_2_plus_3_plus_4
IL_1611761,6,SCC,SCCKA,0.37931986153125763,0.04878633003681898,0.05346011836081743,0.16182795521308435,0.11466996558010578,0.04007347347214818,0.19970992294838652,0.002152318076696247,0,AK,densenet121,phase1_plus_2_plus_3_plus_4
IL_1612768,6,SCC,SCCKA,0.011931087588891387,0.4594647288322449,0.1905350312590599,0.0003952256665797904,0.28217855654656887,0.02513251733034849,0.01731617795303464,0.013046624837443233,1,BCC,densenet121,phase1_plus_2_plus_3_plus_4
IL_1651344,3,DF,DF,0.011218661442399025,0.021747303195297718,0.014932525344192982,0.06950286170467734,0.02030576393008232,0.20887053199112415,0.6503423005342484,0.003080026537645608,6,SCC,densenet121,phase1_plus_2_plus_3_plus_4
IL_1740059,7,VASC,VASC,0.0005640390008920804,0.01093433097412344,0.003965351112128701,0.006411309615941718,0.007095503009622917,0.02674534631660208,0.0005814487158204429,0.9437025785446167,7,VASC,densenet121,phase1_plus_2_plus_3_plus_4
IL_1752453,1,BCC,BCC,0.0022272471396718174,0.6188894659280777,0.3342198025784455,0.0024304185026267078,0.006468937499448657,0.030679648276418447,0.0036234138533473015,0.0014610528596676886,1,BCC,densenet121,phase1_plus_2_plus_3_plus_4
IL_1801069,5,NV,NV,0.012588731944561005,0.013235495425760746,0.1251262491568923,0.02375520975328982,0.05342181213200092,0.7514876425266266,0.008567925076931715,0.011816952843219042,5,NV,densenet121,phase1_plus_2_plus_3_plus_4
IL_1827145,7,VASC,VASC,0.006805446580983698,0.13252049451693892,0.0709241276490502,0.0010262103933200706,0.01653388241538778,0.0828846357180737,0.0008793184242676944,0.6884259581565857,7,VASC,densenet121,phase1_plus_2_plus_3_plus_4
IL_1858842,7,VASC,VASC,0.0019449681021797005,0.012127701989811612,0.007700938793277601,0.001665369185502641,0.017697939576464705,0.07959163640771294,0.0012438455396477366,0.8780275583267212,7,VASC,densenet121,phase1_plus_2_plus_3_plus_4
IL_1861400,1,BCC,BCC,0.008662450505653396,0.1587103782221675,0.14660591073334217,0.005651864892570302,0.05114013247657567,0.11915720673277974,0.5066387094557285,0.0034333629300817847,6,SCC,densenet121,phase1_plus_2_plus_3_plus_4
IL_1871141,0,AK,AKIEC,0.003866870771162212,0.13000506348907948,0.09451540559530258,0.00833252153097419,0.0058428657648619264,0.07842196204001084,0.6775601208209991,0.0014552090433426201,6,SCC,densenet121,phase1_plus_2_plus_3_plus_4
IL_1902090,2,BKL,BKL,0.018417582847177982,0.336848359555006,0.3640538230538368,0.0028313039802014828,0.06699620746076107,0.16082849353551865,0.04526052810251713,0.004763718461617827,2,BKL,densenet121,phase1_plus_2_plus_3_plus_4
IL_1967474,7,VASC,VASC,0.0028360925243759993,0.0015684214904467808,0.004570823663016199,0.0007967385161009588,0.005434732884168625,0.014552228538377676,0.0003716514975167229,0.9698692560195923,7,VASC,densenet121,phase1_plus_2_plus_3_plus_4
IL_2014821,3,DF,DF,0.0015524899499723688,0.2567256276961416,0.05038264929316938,0.14008736982941628,0.011910253815585747,0.01832479448057711,0.5196874607354403,0.0013293296215124428,6,SCC,densenet121,phase1_plus_2_plus_3_plus_4
IL_2053741,6,SCC,SCCKA,0.030249557923525572,0.03235571039840579,0.1618522813078016,0.0008092739226412959,0.24448601435869932,0.057401066238526255,0.47192492336034775,0.0009210698481183499,6,SCC,densenet121,phase1_plus_2_plus_3_plus_4
IL_2087483,3,DF,DF,0.003965723502915353,0.6191665381193161,0.05646209232509136,0.009990660822950304,0.023816777393221855,0.035071367397904396,0.2489263187162578,0.002600492676720023,1,BCC,densenet121,phase1_plus_2_plus_3_plus_4
IL_2103836,3,DF,DF,0.0193271086900495,0.09494590573012829,0.06667218543589115,0.4367489367723465,0.0110767288133502,0.018414244055747986,0.35222885000985116,0.0005860535020474344,3,DF,densenet121,phase1_plus_2_plus_3_plus_4
IL_2160413,7,VASC,VASC,0.004383319988846779,0.08260592631995678,0.04736851993948221,0.005458195053506643,0.012270709034055471,0.3777315514162183,0.0016894068394321948,0.4684923067688942,7,VASC,densenet121,phase1_plus_2_plus_3_plus_4
IL_2177210,6,SCC,SCCKA,0.006250433158129454,0.7573525607585907,0.09738522581756115,0.0020312428241595626,0.007914946530945599,0.030984827782958746,0.09660961164627224,0.0014711705734953284,1,BCC,densenet121,phase1_plus_2_plus_3_plus_4
IL_2187730,0,AK,AKIEC,0.0044525639968924224,0.09740383364260197,0.6344853341579437,0.005951510043814778,0.032315890304744244,0.2182142324745655,0.004326367285102606,0.002850301389116794,2,BKL,densenet121,phase1_plus_2_plus_3_plus_4
IL_2215317,2,BKL,BKL,0.02663612854667008,0.006772959604859352,0.6649895757436752,0.023876774590462446,0.10339634749107063,0.057032129261642694,0.11465893324930221,0.0026370963896624744,2,BKL,densenet121,phase1_plus_2_plus_3_plus_4
IL_2222251,5,NV,NV,0.010341613320633769,0.026191809214651585,0.08824312128126621,0.014276820234954357,0.24743767827749252,0.584520235657692,0.019759736489504576,0.009228975744917989,5,NV,densenet121,phase1_plus_2_plus_3_plus_4
IL_2233251,7,VASC,VASC,0.0009837934267125092,0.005362337025871966,0.004819157475139946,0.0009573366660333704,0.005372624844312668,0.033661390480119735,0.001207489869557321,0.9476358592510223,7,VASC,densenet121,phase1_plus_2_plus_3_plus_4
IL_2251689,5,NV,NV,0.003232383111026138,0.009240938816219568,0.21152671077288687,0.011022873222827911,0.014322428498417139,0.7402885258197784,0.004404457053169608,0.005961682181805372,5,NV,densenet121,phase1_plus_2_plus_3_plus_4
IL_2293895,3,DF,DF,0.00564685754943639,0.02346402406692505,0.220993815921247,0.0645904429256916,0.0152831319719553,0.6014349311590195,0.06328476872295141,0.005302006378769875,5,NV,densenet121,phase1_plus_2_plus_3_plus_4
IL_2315755,4,MEL,MEL,0.007049605716019869,0.009364522295072675,0.4285065084695816,0.007791322190314531,0.14321304485201836,0.3909823149442673,0.0073362672701478004,0.005756440572440624,2,BKL,densenet121,phase1_plus_2_plus_3_plus_4
IL_2341353,4,MEL,MEL,0.1241647875867784,0.03508028760552406,0.4058161675930023,0.020019496558234096,0.29068238427862525,0.11750226840376854,0.0021231415448710322,0.004611393669620156,2,BKL,densenet121,phase1_plus_2_plus_3_plus_4
IL_2342693,4,MEL,MEL,0.20243546459823847,0.011780586559325457,0.4571906104683876,0.004167850594967604,0.06495457561686635,0.06704060966148973,0.18768625776283443,0.004744012549053878,2,BKL,densenet121,phase1_plus_2_plus_3_plus_4
IL_2386676,5,NV,NV,0.006119675701484084,0.035754889249801636,0.22767731361091137,0.013233282137662172,0.09973656199872494,0.601706400513649,0.00920891179703176,0.006562965689226985,5,NV,densenet121,phase1_plus_2_plus_3_plus_4
IL_2482896,3,DF,DF,0.004554043291136622,0.515596553683281,0.04192288778722286,0.06545723881572485,0.06623640097677708,0.07439816370606422,0.22919087298214436,0.0026438359636813402,1,BCC,densenet121,phase1_plus_2_plus_3_plus_4
IL_2497453,6,SCC,SCCKA,0.34663549717515707,0.015031515620648861,0.06964642368257046,0.010674334393115714,0.0425815861672163,0.008432649075984955,0.5058926045894623,0.00110531211248599,6,SCC,densenet121,phase1_plus_2_plus_3_plus_4
IL_2503315,4,MEL,MEL,0.007640236872248352,0.04697700776159763,0.5764009207487106,0.007078655296936631,0.03950249031186104,0.3163565695285797,0.002948871231637895,0.003095224965363741,2,BKL,densenet121,phase1_plus_2_plus_3_plus_4
IL_2547802,5,NV,NV,0.008427697233855724,0.011913714464753866,0.018799569457769394,0.004347811220213771,0.08046409767121077,0.8635776042938232,0.006828323705121875,0.005641204537823796,5,NV,densenet121,phase1_plus_2_plus_3_plus_4
IL_2662922,1,BCC,BCC,0.002382779319304973,0.4235837794840336,0.005043997021857649,0.05593259586021304,0.01821342992479913,0.014217216637916863,0.4794718977063894,0.0011543113796506077,6,SCC,densenet121,phase1_plus_2_plus_3_plus_4
IL_2674670,1,BCC,BCC,0.009714345447719097,0.6543340682983398,0.08355155028402805,0.005114828702062368,0.0404336042702198,0.16754982620477676,0.033965039532631636,0.00533670955337584,1,BCC,densenet121,phase1_plus_2_plus_3_plus_4
IL_2692923,4,MEL,MEL,0.0037850235821679235,0.006693771341815591,0.5340757891535759,0.008427449967712164,0.377175934612751,0.062012022361159325,0.005980100017040968,0.0018499026191420853,2,BKL,densenet121,phase1_plus_2_plus_3_plus_4
IL_2711226,6,SCC,SCCKA,0.012717644218355417,0.01137838838621974,0.5369474291801453,0.003964217234170064,0.10991604044102132,0.008015538798645139,0.31650325609371066,0.0005575308678089641,2,BKL,densenet121,phase1_plus_2_plus_3_plus_4
IL_2717072,0,AK,AKIEC,0.06118797976523638,0.016326532000675797,0.4727560132741928,0.015094336122274399,0.24389685224741697,0.09844592865556479,0.08768896199762821,0.004603415145538747,2,BKL,densenet121,phase1_plus_2_plus_3_plus_4
IL_2759218,4,MEL,MEL,0.0051617000717669725,0.04443618003278971,0.8813886642456055,0.00324164709309116,0.03227232443168759,0.02062101406045258,0.00875830091536045,0.004120148078072816,2,BKL,densenet121,phase1_plus_2_plus_3_plus_4
IL_2810751,7,VASC,VASC,0.047662616925663315,0.007490773859899491,0.39553353434894234,0.005385561642469838,0.010604976443573833,0.030087588471360505,0.000665933228447102,0.5025689844042063,7,VASC,densenet121,phase1_plus_2_plus_3_plus_4
IL_2811473,4,MEL,MEL,0.051696451380848885,0.048825341276824474,0.1074945516884327,0.0077500526094809175,0.23431137017905712,0.4080994427204132,0.0012980820902157575,0.14052466535940766,5,NV,densenet121,phase1_plus_2_plus_3_plus_4
IL_2831969,0,AK,AKIEC,0.028183401562273502,0.09334734629373997,0.22126897051930428,0.0026751255463750567,0.018766805704217404,0.038698697797372006,0.59052674472332,0.0065328839045832865,6,SCC,densenet121,phase1_plus_2_plus_3_plus_4
IL_2881037,1,BCC,BCC,0.005772417178377509,0.6700851917266846,0.052080747904255986,0.0040264371782541275,0.013176576467230916,0.007787305396050215,0.24619657918810844,0.0008747443207539618,1,BCC,densenet121,phase1_plus_2_plus_3_plus_4
IL_2895594,7,VASC,VASC,0.0011032752063329099,0.010316725427401252,0.0014371378783835098,0.0008865078289090889,0.0084080799279036,0.010070395284856204,0.0003413705885577656,0.9674364924430847,7,VASC,densenet121,phase1_plus_2_plus_3_plus_4
IL_2962175,7,VASC,VASC,0.0023714476847089827,0.003085597971221432,0.008596603060141206,0.0010847174853552133,0.009387437952682376,0.10244958673138171,0.001322355863521807,0.8717022836208344,7,VASC,densenet121,phase1_plus_2_plus_3_plus_4
IL_2972569,3,DF,DF,0.012246309139300138,0.11441477644257247,0.13078316382598132,0.29797542188316584,0.016100904438644648,0.2361923409625888,0.18656034488230944,0.0057266863295808434,3,DF,densenet121,phase1_plus_2_plus_3_plus_4
IL_3044887,5,NV,NV,0.019132232759147882,0.021641193889081478,0.056194793432950974,0.010407754918560386,0.1601887233555317,0.696517139673233,0.015202149748802185,0.020716040395200253,5,NV,densenet121,phase1_plus_2_plus_3_plus_4
IL_3067885,7,VASC,VASC,0.03578361729887547,0.09313264984666603,0.14745645460789092,0.03967106472737214,0.01543522157589905,0.15956849581561983,0.0021175471556489356,0.5068348878994584,7,VASC,densenet121,phase1_plus_2_plus_3_plus_4
IL_3077425,5,NV,NV,0.06838946556672454,0.008238199166953564,0.2690343651920557,0.012043396942317486,0.08281755773350596,0.5355613231658936,0.020080435555428267,0.0038352409610524774,5,NV,densenet121,phase1_plus_2_plus_3_plus_4
IL_3124756,7,VASC,VASC,0.008571750542614609,0.09912293765228242,0.2616839222609997,0.017644979379838333,0.21613460034132004,0.09483250696212053,0.002927703782916069,0.29908163845539093,7,VASC,densenet121,phase1_plus_2_plus_3_plus_4
IL_3156059,4,MEL,MEL,0.003673182683996856,0.009572054608725011,0.309230113402009,0.0021699632343370467,0.5099386498332024,0.1571823435369879,0.004772351880092174,0.003461346379481256,4,MEL,densenet121,phase1_plus_2_plus_3_plus_4
IL_3180618,3,DF,DF,0.0006502158503280953,0.012772234204021515,0.004192893786239438,0.89576056599617,0.012481439203838818,0.06948862101853592,0.0038452220906037837,0.0008087603964668233,3,DF,densenet121,phase1_plus_2_plus_3_plus_4
IL_3303536,0,AK,AKIEC,0.18597782403230667,0.22676139324903488,0.1382948588579893,0.0024370516184717417,0.05109834810718894,0.10405485052615404,0.28825874999165535,0.003116882056929171,6,SCC,densenet121,phase1_plus_2_plus_3_plus_4
IL_3361305,6,SCC,SCCKA,0.0009696096531115472,0.22194068506360054,0.03223676327615976,0.010210035252384841,0.035402556881308556,0.11454752832651138,0.5833416879177094,0.001351119950413704,6,SCC,densenet121,phase1_plus_2_plus_3_plus_4
IL_3439844,3,DF,DF,0.0016897767345653847,0.006335517799016088,0.024796949699521065,0.5027764700353146,0.004833300830796361,0.4529827353544533,0.005086844059405848,0.0014984130102675408,3,DF,densenet121,phase1_plus_2_plus_3_plus_4
IL_3472941,5,NV,NV,0.003883813042193651,0.013197440188378096,0.016756291035562754,0.003957686305511743,0.014850399922579527,0.9388656914234161,0.004573283833451569,0.003915397683158517,5,NV,densenet121,phase1_plus_2_plus_3_plus_4
IL_3482678,6,SCC,SCCKA,0.0030172998958732933,0.004825933603569865,0.009498901898041368,0.00011720069232978858,0.006942424108274281,0.0019057199824601412,0.9735209941864014,0.00017157225738628767,6,SCC,densenet121,phase1_plus_2_plus_3_plus_4
IL_3489580,1,BCC,BCC,0.007405700453091413,0.0674623679369688,0.31167835369706154,0.007834270363673568,0.022606264799833298,0.28797848522663116,0.28964334400370717,0.0053912270232103765,2,BKL,densenet121,phase1_plus_2_plus_3_plus_4
IL_3493081,5,NV,NV,0.009566542808897793,0.014453562907874584,0.02936084009706974,0.02055996609851718,0.0749183688312769,0.8280109167098999,0.012484735576435924,0.010645064292475581,5,NV,densenet121,phase1_plus_2_plus_3_plus_4
IL_3498244,6,SCC,SCCKA,0.005479639396071434,0.4485453814268112,0.010685872752219439,0.05032489821314812,0.011456259060651064,0.017551503609865904,0.4539288580417633,0.002027648442890495,6,SCC,densenet121,phase1_plus_2_plus_3_plus_4
IL_3566377,2,BKL,BKL,0.019640006590634584,0.3061138577759266,0.06814714707434177,0.08785843662917614,0.026076391339302063,0.1139508206397295,0.3753390908241272,0.0028742391150444746,6,SCC,densenet121,phase1_plus_2_plus_3_plus_4
IL_3582002,0,AK,AKIEC,0.34067621175199747,0.12558157742023468,0.051134150475263596,0.0007415712170768529,0.02436680975370109,0.014975661877542734,0.44063966162502766,0.0018843678408302367,6,SCC,densenet121,phase1_plus_2_plus_3_plus_4
IL_3721335,7,VASC,VASC,0.00222927110735327,0.05592549405992031,0.03347706398926675,0.004946343251504004,0.00958589487709105,0.03156009316444397,0.0020429270225577056,0.8602329194545746,7,VASC,densenet121,phase1_plus_2_plus_3_plus_4
IL_3744094,7,VASC,VASC,0.0014714282879140228,0.08271758817136288,0.032079667784273624,0.0021901769505348057,0.07607451779767871,0.11741331033408642,0.007392018451355398,0.6806612610816956,7,VASC,densenet121,phase1_plus_2_plus_3_plus_4
IL_3767915,1,BCC,BCC,0.3628440654138103,0.2266886793076992,0.14076843485236168,0.04212076685507782,0.027863118099048734,0.09860394708812237,0.0860173674300313,0.015093611960764974,0,AK,densenet121,phase1_plus_2_plus_3_plus_4
IL_3802643,1,BCC,BCC,0.004603129287716001,0.023296732106246054,0.5423088893294334,0.004510159167693928,0.012417493620887399,0.042205819860100746,0.36953335598809645,0.0011244180059293285,2,BKL,densenet121,phase1_plus_2_plus_3_plus_4
IL_3860000,2,BKL,BKL,0.0043468354269862175,0.005876753271877533,0.801432192325592,0.002217484638094902,0.005897228722460568,0.1779902279668022,0.0019028783426620066,0.00033637247361184563,2,BKL,densenet121,phase1_plus_2_plus_3_plus_4
IL_3871649,5,NV,NV,0.016867788042873144,0.027412273921072483,0.05036950297653675,0.009291105438023806,0.0731637142598629,0.7958882749080658,0.01364219281822443,0.013365205144509673,5,NV,densenet121,phase1_plus_2_plus_3_plus_4
IL_3879916,0,AK,AKIEC,0.0006895628466736525,0.04388694907538593,0.008650951785966754,0.4080296205356717,0.002363911480642855,0.013765884330496192,0.5224302932620049,0.00018281825941812713,6,SCC,densenet121,phase1_plus_2_plus_3_plus_4
IL_3884905,3,DF,DF,0.0006513936532428488,0.011771620716899633,0.12956600356847048,0.7718401849269867,0.008115674543660134,0.03654376324266195,0.04107555607333779,0.00043582999205682427,3,DF,densenet121,phase1_plus_2_plus_3_plus_4
IL_3901946,3,DF,DF,0.0006703150138491765,0.0014792935398872942,0.0032739746438892325,0.4989729109220207,0.001446608337573707,0.007437640975695103,0.0003549038010532968,0.4863643523567589,3,DF,densenet121,phase1_plus_2_plus_3_plus_4
IL_3910210,5,NV,NV,0.009205350186675787,0.011092132423073053,0.100742326118052,0.1446851957589388,0.015368422958999872,0.6838720142841339,0.007100219605490565,0.027934330515563488,5,NV,densenet121,phase1_plus_2_plus_3_plus_4
IL_3939188,0,AK,AKIEC,0.0014592223451472819,0.11238665686687455,0.09797354805050418,0.044082427162720705,0.02026450535049662,0.21159654982329812,0.510231570340693,0.0020055074055562727,6,SCC,densenet121,phase1_plus_2_plus_3_plus_4
IL_3966322,3,DF,DF,0.008010574150830507,0.04310366604477167,0.1563040316104889,0.19215770624578,0.059902820736169815,0.35699766874313354,0.1689084656536579,0.014615063555538654,5,NV,densenet121,phase1_plus_2_plus_3_plus_4
IL_3984556,1,BCC,BCC,0.15833758562803268,0.1036512479186058,0.3803010508418083,0.0034576355246827006,0.0540232602506876,0.17962165921926498,0.10526151955127716,0.01534604380140081,2,BKL,densenet121,phase1_plus_2_plus_3_plus_4
IL_4008032,1,BCC,BCC,0.09376612544292584,0.23885932832490653,0.043700798880308867,0.0012950583914062008,0.002424271537165623,0.022397018503397703,0.596653051674366,0.000904300031834282,6,SCC,densenet121,phase1_plus_2_plus_3_plus_4
IL_4079886,6,SCC,SCCKA,0.0543938260525465,0.3524859547615051,0.35526686534285545,0.01447378657758236,0.028360371477901936,0.036647737957537174,0.1542716263793409,0.004099819692783058,2,BKL,densenet121,phase1_plus_2_plus_3_plus_4
IL_4100089,5,NV,NV,0.006543578812852502,0.011728362180292606,0.2554653137922287,0.013690348714590073,0.3433805126696825,0.3593197911977768,0.004955234471708536,0.004916848847642541,5,NV,densenet121,phase1_plus_2_plus_3_plus_4
IL_4123354,6,SCC,SCCKA,0.0755324736237526,0.011380359530448914,0.7159034013748169,0.0035152878845110536,0.08021427318453789,0.05647227540612221,0.056448439601808786,0.0005334682646207511,2,BKL,densenet121,phase1_plus_2_plus_3_plus_4
IL_4133123,3,DF,DF,0.0016503818915225565,0.23951711133122444,0.005189610878005624,0.011931808898225427,0.41661037504673004,0.1022673009429127,0.21948877372778952,0.00334466336062178,4,MEL,densenet121,phase1_plus_2_plus_3_plus_4
IL_4186623,0,AK,AKIEC,0.004519773821812123,0.16678818874061108,0.4488046169281006,0.08960103616118431,0.049809591844677925,0.14020837657153606,0.08996586478315294,0.010302566341124475,2,BKL,densenet121,phase1_plus_2_plus_3_plus_4
IL_4217663,5,NV,NV,0.01590638840571046,0.023409968707710505,0.05433232244104147,0.014298730064183474,0.035515133291482925,0.8215974271297455,0.02139156684279442,0.013548486866056919,5,NV,densenet121,phase1_plus_2_plus_3_plus_4
IL_4258234,0,AK,AKIEC,0.0025100743514485657,0.19518744928063825,0.06206379923969507,0.0034054986317642033,0.014876680681481957,0.21764912642538548,0.5033227242529392,0.0009846046596067026,6,SCC,densenet121,phase1_plus_2_plus_3_plus_4
IL_4352932,1,BCC,BCC,0.06186089664697647,0.23678867518901825,0.5128725618124008,0.010757779702544212,0.12348688021302223,0.030764708295464516,0.019686459563672543,0.0037820737343281507,2,BKL,densenet121,phase1_plus_2_plus_3_plus_4
IL_4375831,7,VASC,VASC,0.011298383586108685,0.04070480240625329,0.3370036573614925,0.0015634582377970219,0.0054361759684979916,0.10626949928700924,0.0007239922560984269,0.4970000348985195,7,VASC,densenet121,phase1_plus_2_plus_3_plus_4
IL_4384125,1,BCC,BCC,0.08519086195155978,0.2828805446624756,0.18480373173952103,0.00752455904148519,0.014334947103634477,0.39354081451892853,0.022349593695253134,0.009374985005706549,5,NV,densenet121,phase1_plus_2_plus_3_plus_4
IL_4391633,2,BKL,BKL,0.004505306715145707,0.008385684457607567,0.8665310144424438,0.008020204957574606,0.006626105168834329,0.099781084805727,0.0030150437960401177,0.0031356028048321605,2,BKL,densenet121,phase1_plus_2_plus_3_plus_4
IL_4402414,1,BCC,BCC,0.005970842554233968,0.03792238235473633,0.3454628475010395,0.051820516877342016,0.051552093122154474,0.05186784896068275,0.014178654993884265,0.4412247973959893,7,VASC,densenet121,phase1_plus_2_plus_3_plus_4
IL_4402692,0,AK,AKIEC,0.009389866841956973,0.4358668178319931,0.072448855265975,0.002816120395436883,0.03410541359335184,0.16346444468945265,0.27929552644491196,0.002612979616969824,1,BCC,densenet121,phase1_plus_2_plus_3_plus_4
IL_4429856,6,SCC,SCCKA,0.0032707060454413295,0.38595423847436905,0.04105719830840826,0.002285069494973868,0.06545688305050135,0.05451454687863588,0.4459279589354992,0.001533358430606313,6,SCC,densenet121,phase1_plus_2_plus_3_plus_4
IL_4446181,4,MEL,MEL,0.006433951610233635,0.01966944755986333,0.4821516126394272,0.005902940756641328,0.42408224660903215,0.05921466462314129,0.0011042195546906441,0.0014408818678930402,2,BKL,densenet121,phase1_plus_2_plus_3_plus_4
IL_4514028,5,NV,NV,0.014903743285685778,0.014125071931630373,0.06291056238114834,0.019228515680879354,0.11598814651370049,0.7521656453609467,0.00698262988589704,0.013695727102458477,5,NV,densenet121,phase1_plus_2_plus_3_plus_4
IL_4551923,5,NV,NV,0.01894007413648069,0.024287037318572402,0.07442212104797363,0.00514017790555954,0.23441491648554802,0.34221090376377106,0.007045895967166871,0.29353896901011467,5,NV,densenet121,phase1_plus_2_plus_3_plus_4
IL_4576519,2,BKL,BKL,0.0023057374637573957,0.06716872379183769,0.44024287164211273,0.008473486406728625,0.01721350848674774,0.44127972424030304,0.004086704691872001,0.019229304627515376,5,NV,densenet121,phase1_plus_2_plus_3_plus_4
IL_4652150,6,SCC,SCCKA,0.0023597984109073877,0.2815764397382736,0.07141738571226597,0.002388523455010727,0.026376254856586456,0.04776391386985779,0.5669944584369659,0.0011232222605030984,6,SCC,densenet121,phase1_plus_2_plus_3_plus_4
IL_4686156,7,VASC,VASC,0.0015267468943420681,0.005817259298055433,0.013307485613040626,0.014004011973156594,0.005718959146179259,0.018463252432411537,0.0008599567772762384,0.940302312374115,7,VASC,densenet121,phase1_plus_2_plus_3_plus_4
IL_4701281,5,NV,NV,0.008797771763056517,0.010081819724291563,0.09922215901315212,0.008877343963831663,0.29603662714362144,0.5432625412940979,0.005810929229483008,0.02791082812473178,5,NV,densenet121,phase1_plus_2_plus_3_plus_4
IL_4732392,5,NV,NV,0.010375165846198797,0.08396157622337341,0.06580676510930061,0.010674822377040982,0.04729121923446655,0.7609070539474487,0.009902937803417444,0.011080512776970863,5,NV,densenet121,phase1_plus_2_plus_3_plus_4
IL_4755561,5,NV,NV,0.00843805295880884,0.013783535454422235,0.038094340823590755,0.03864156361669302,0.10351010411977768,0.7827081084251404,0.0061084371991455555,0.008715865202248096,5,NV,densenet121,phase1_plus_2_plus_3_plus_4
IL_4790851,0,AK,AKIEC,0.013433516956865788,0.017664873506873846,0.6181266903877258,0.07772368425503373,0.13925550505518913,0.08177107945084572,0.04867663694312796,0.003348008991451934,2,BKL,densenet121,phase1_plus_2_plus_3_plus_4
IL_4794810,7,VASC,VASC,0.0022930316627025604,0.0158968340838328,0.01987675653072074,0.007183054392953636,0.005546550441067666,0.43318821082357317,0.002632776217069477,0.5133828110992908,7,VASC,densenet121,phase1_plus_2_plus_3_plus_4
IL_4878872,1,BCC,BCC,0.015693864319473505,0.3109012022614479,0.39820050075650215,0.0022947737015783787,0.018771501258015633,0.16214043647050858,0.08894760673865676,0.0030501328874379396,2,BKL,densenet121,phase1_plus_2_plus_3_plus_4
IL_4924418,4,MEL,MEL,0.007648911327123642,0.013996439520269632,0.8681361377239227,0.0019344812026247382,0.0910769198089838,0.010258350986987352,0.004681226797401905,0.0022675639775115997,2,BKL,densenet121,phase1_plus_2_plus_3_plus_4
IL_4970478,1,BCC,BCC,0.3871527509763837,0.037312308326363564,0.3994504325091839,0.001991054567042738,0.08915383741259575,0.07392963208258152,0.009927553939633071,0.0010824374039657414,2,BKL,densenet121,phase1_plus_2_plus_3_plus_4
IL_5010876,0,AK,AKIEC,0.007833139796275645,0.016261488432064652,0.35345564782619476,0.048915475606918335,0.009514741599559784,0.018627183511853218,0.5444084405899048,0.000983864963927772,6,SCC,densenet121,phase1_plus_2_plus_3_plus_4
IL_5042864,5,NV,NV,0.008281448157504201,0.009473731042817235,0.02881497610360384,0.010588416829705238,0.052836474031209946,0.8605633974075317,0.012988860253244638,0.016452637035399675,5,NV,densenet121,phase1_plus_2_plus_3_plus_4
IL_5044233,7,VASC,VASC,8.726318264962174e-05,0.0003123485221294686,0.0015970147214829922,0.00014550576815963723,0.000551786448340863,0.0027191053377464414,0.00010714950258261524,0.994479775428772,7,VASC,densenet121,phase1_plus_2_plus_3_plus_4
IL_5045775,7,VASC,VASC,0.004925614822923308,0.0037996712912899966,0.016229017568548443,0.010293736671087572,0.00810823268329841,0.11959958528677817,0.0018448767827976553,0.8351992666721344,7,VASC,densenet121,phase1_plus_2_plus_3_plus_4
IL_5058360,5,NV,NV,0.0160946287214756,0.042567912489175797,0.09763460606336594,0.019634203985333443,0.17209318839013577,0.6148496121168137,0.014428764348849654,0.022697007283568382,5,NV,densenet121,phase1_plus_2_plus_3_plus_4
IL_5217084,0,AK,AKIEC,0.024494745768606663,0.04319334402680397,0.049605974927544594,0.0012085558846592903,0.44172239024192095,0.014078148175030947,0.4249682871159166,0.0007285106985364109,4,MEL,densenet121,phase1_plus_2_plus_3_plus_4
IL_5267029,4,MEL,MEL,0.00995289720594883,0.13626450672745705,0.2339506521821022,0.004289583303034306,0.49310408532619476,0.11132108769379556,0.0037715367507189512,0.007345646939938888,4,MEL,densenet121,phase1_plus_2_plus_3_plus_4
IL_5299543,3,DF,DF,0.014346787611430045,0.019191666953702224,0.01747755441465415,0.8473732173442841,0.005727862589992583,0.08552839828189462,0.006625771726248786,0.003728686087015376,3,DF,densenet121,phase1_plus_2_plus_3_plus_4
IL_5311441,3,DF,DF,0.0032017929552239366,0.052330618680571206,0.03264512382156681,0.6110181212425232,0.13465533543785568,0.15541205066256225,0.00956045253406046,0.0011765223503061861,3,DF,densenet121,phase1_plus_2_plus_3_plus_4
IL_5321366,5,NV,NV,0.07390545075759292,0.009709117002785206,0.28681913390755653,0.007689589925576001,0.013801832683384418,0.5944488346576691,0.007222334388643503,0.006403715582564473,5,NV,densenet121,phase1_plus_2_plus_3_plus_4
IL_5356677,6,SCC,SCCKA,0.058458179235458374,0.5000950433313847,0.30753393517807126,0.0013714249653276056,0.0292491908185184,0.03642812604084611,0.06371412193402648,0.0031500160257564858,1,BCC,densenet121,phase1_plus_2_plus_3_plus_4
IL_5363044,7,VASC,VASC,0.0016990181320579723,0.16645501856692135,0.03465848588530207,0.009443017432204215,0.011968446080572903,0.2553352506365627,0.0030820065276202513,0.5173587948083878,7,VASC,densenet121,phase1_plus_2_plus_3_plus_4
IL_5400506,5,NV,NV,0.011044334853067994,0.03498045261949301,0.024257229175418615,0.008058050880208611,0.00468117865966633,0.3768378272652626,0.5369489341974258,0.0031919441535137594,6,SCC,densenet121,phase1_plus_2_plus_3_plus_4
IL_5437959,7,VASC,VASC,0.000994740523310611,0.002600769221317023,0.003847450760076754,0.0022144209360703826,0.005389202735386789,0.02507941925432533,0.0018481989500287455,0.9580258429050446,7,VASC,densenet121,phase1_plus_2_plus_3_plus_4
IL_5455457,5,NV,NV,0.011701283510774374,0.01959033915773034,0.035344540141522884,0.012233372777700424,0.035768620669841766,0.8608522713184357,0.014973182696849108,0.00953641755040735,5,NV,densenet121,phase1_plus_2_plus_3_plus_4
IL_5458528,7,VASC,VASC,0.004181442083790898,0.029161757789552212,0.22278405027464032,0.025920174608472735,0.06623005867004395,0.2062949021346867,0.0038405629311455414,0.44158696196973324,7,VASC,densenet121,phase1_plus_2_plus_3_plus_4
IL_5482289,3,DF,DF,0.00020668111279320556,0.006296162615171852,0.042269053726158745,0.9374934732913971,0.0005508607009687694,0.007726517775836328,0.001060743029029254,0.004396530005820409,3,DF,densenet121,phase1_plus_2_plus_3_plus_4
IL_5482346,1,BCC,BCC,0.004214483895339072,0.8982729911804199,0.022757147904485464,0.004451273242011666,0.0081378691829741,0.05558311007916927,0.001249212073162198,0.005333929555490613,1,BCC,densenet121,phase1_plus_2_plus_3_plus_4
IL_5563241,1,BCC,BCC,0.012459665653295815,0.30918131954967976,0.3886828199028969,0.003958774614147842,0.04685720894485712,0.1660487800836563,0.06610899697989225,0.00670242530759424,2,BKL,densenet121,phase1_plus_2_plus_3_plus_4
IL_5572380,1,BCC,BCC,0.003908078768290579,0.5108609534800053,0.017776298569515347,0.0014465556159848347,0.011556123616173863,0.022742734290659428,0.4303738917224109,0.001335270149866119,1,BCC,densenet121,phase1_plus_2_plus_3_plus_4
IL_5631172,3,DF,DF,0.0018942137648991775,0.011113345715784817,0.02725665585603565,0.5090259565040469,0.0058032245869981125,0.43779244599863887,0.002772743027890101,0.004341450158790394,3,DF,densenet121,phase1_plus_2_plus_3_plus_4
IL_5722759,1,BCC,BCC,0.004334387369453907,0.06006348133087158,0.3027128307148814,0.008032266516238451,0.13746663182973862,0.07830723188817501,0.4005899192416109,0.008493251632899046,6,SCC,densenet121,phase1_plus_2_plus_3_plus_4
IL_5766426,4,MEL,MEL,0.0024738592182984576,0.014864068245515227,0.010151741793379188,0.005180678679607809,0.5289763957262039,0.21000728872604668,0.0037365456810221076,0.22460936049174052,4,MEL,densenet121,phase1_plus_2_plus_3_plus_4
IL_5797500,5,NV,NV,0.003714718157425523,0.037473225966095924,0.12838473822921515,0.010894763050600886,0.11193357221782207,0.6905763745307922,0.008644700516015291,0.008377871010452509,5,NV,densenet121,phase1_plus_2_plus_3_plus_4
IL_5818163,0,AK,AKIEC,0.1559794768691063,0.4272845461964607,0.14466845616698265,0.0013129119179211557,0.0724590253084898,0.13803666457533836,0.05855105444788933,0.0017078464152291417,1,BCC,densenet121,phase1_plus_2_plus_3_plus_4
IL_5848162,6,SCC,SCCKA,0.02509768449817784,0.02934133975941222,0.8206939697265625,0.0031145613720582332,0.06615379499271512,0.028174489620141685,0.026239414870360633,0.001184725335406256,2,BKL,densenet121,phase1_plus_2_plus_3_plus_4
IL_5901848,1,BCC,BCC,0.06751355901360512,0.15183322131633759,0.28943319618701935,0.002352298761252314,0.0485036987811327,0.14941431488841772,0.288620688021183,0.002329012961126864,2,BKL,densenet121,phase1_plus_2_plus_3_plus_4
IL_5909950,7,VASC,VASC,2.7250623588770395e-05,0.00019775936380028725,0.0003484550688881427,3.489423284008808e-05,0.0005342209478840232,0.0020161336178716738,6.740277854078158e-05,0.996773898601532,7,VASC,densenet121,phase1_plus_2_plus_3_plus_4
IL_6019983,7,VASC,VASC,0.007651845691725612,0.064188988879323,0.023150524822995067,0.024084599688649178,0.11053039133548737,0.06926507200114429,0.0014829524443484843,0.6996456384658813,7,VASC,densenet121,phase1_plus_2_plus_3_plus_4
IL_6064590,1,BCC,BCC,0.06873632362112403,0.3899432811886072,0.4735645893961191,0.0010532063315622509,0.014552481938153505,0.042841238901019096,0.004866673611104488,0.004442222707439214,2,BKL,densenet121,phase1_plus_2_plus_3_plus_4
IL_6069436,0,AK,AKIEC,0.05555443128105253,0.010184320621192455,0.20379727333784103,0.04013251536525786,0.1147492341697216,0.46521227806806564,0.10304547287523746,0.007324510021135211,5,NV,densenet121,phase1_plus_2_plus_3_plus_4
IL_6079301,2,BKL,BKL,0.004769659135490656,0.0008207707724068314,0.9790001213550568,0.00093726089107804,0.00934551889076829,0.0041670388309285045,0.0007599926320835948,0.0001997124927584082,2,BKL,densenet121,phase1_plus_2_plus_3_plus_4
IL_6140598,4,MEL,MEL,0.00510556495282799,0.015403957106173038,0.05533136799931526,0.1284303618595004,0.33536133728921413,0.44416018575429916,0.012642400106415153,0.0035648487973958254,5,NV,densenet121,phase1_plus_2_plus_3_plus_4
IL_6157145,2,BKL,BKL,0.0011543721775524318,0.0036956164694856852,0.9071921706199646,0.0026436149200890213,0.00739404559135437,0.07543178042396903,0.0019670677284011617,0.000521365087479353,2,BKL,densenet121,phase1_plus_2_plus_3_plus_4
IL_6163368,2,BKL,BKL,0.007092413725331426,0.01360408030450344,0.6008081436157227,0.024000725243240595,0.02334030531346798,0.3257574811577797,0.0026451903977431357,0.002751678228378296,2,BKL,densenet121,phase1_plus_2_plus_3_plus_4
IL_6169734,6,SCC,SCCKA,0.28833211958408356,0.36084162443876266,0.07762115029618144,0.0016157203499460593,0.007016190022113733,0.19308449234813452,0.07007567794062197,0.0014130648560239933,1,BCC,densenet121,phase1_plus_2_plus_3_plus_4
IL_6193857,0,AK,AKIEC,0.026111262617632747,0.09827633202075958,0.14326450182124972,0.005958306632237509,0.035658736480399966,0.11128208984155208,0.5744079351425171,0.0050407854141667485,6,SCC,densenet121,phase1_plus_2_plus_3_plus_4
IL_6230080,7,VASC,VASC,0.0003333365384605713,0.0011742583046725485,0.0009187692776322365,0.0004026161846013565,0.0022927385580260307,0.01563414974225452,0.0001511418731752201,0.9790929853916168,7,VASC,densenet121,phase1_plus_2_plus_3_plus_4
IL_6236280,2,BKL,BKL,0.005628359271213412,0.00419953785603866,0.5466661714017391,0.002057305595371872,0.030774513259530067,0.4087282547261566,0.0011475168284960091,0.0007983562973095104,2,BKL,densenet121,phase1_plus_2_plus_3_plus_4
IL_6316014,5,NV,NV,0.015560383559204638,0.01881678868085146,0.07608492113649845,0.021055366843938828,0.05460805632174015,0.7990272045135498,0.010024375282227993,0.004822909948416054,5,NV,densenet121,phase1_plus_2_plus_3_plus_4
IL_6372731,6,SCC,SCCKA,0.0011019820667570457,0.03514430232462473,0.14670534757897258,0.07875676546245813,0.021117319585755467,0.12083349737804383,0.5956526026129723,0.000688131942297332,6,SCC,densenet121,phase1_plus_2_plus_3_plus_4
IL_6386977,4,MEL,MEL,0.005486327805556357,0.011482226313091815,0.0769539400935173,0.013307632179930806,0.4359697997570038,0.41228987043723464,0.0425778622739017,0.0019323580781929195,4,MEL,densenet121,phase1_plus_2_plus_3_plus_4
IL_6393566,7,VASC,VASC,0.0016388492076657712,0.044305364484898746,0.01837516517844051,0.012065218961652135,0.009738748194649816,0.18804794788593426,0.0022824304178357124,0.7235462367534637,7,VASC,densenet121,phase1_plus_2_plus_3_plus_4
IL_6393969,5,NV,NV,0.01378099201247096,0.582343578338623,0.14101841114461422,0.035008158534765244,0.01715830573812127,0.18746202439069748,0.01131429523229599,0.01191424927674234,1,BCC,densenet121,phase1_plus_2_plus_3_plus_4
IL_6491562,1,BCC,BCC,0.019142118748277426,0.5010608732700348,0.08534152992069721,0.009123895317316055,0.052904739044606686,0.31059321761131287,0.013110407424392179,0.008723258040845394,1,BCC,densenet121,phase1_plus_2_plus_3_plus_4
IL_6502535,2,BKL,BKL,0.15660683065652847,0.010566690703853965,0.5204364657402039,0.0074950894340872765,0.025577370077371597,0.1956427562981844,0.07993700075894594,0.003737793886102736,2,BKL,densenet121,phase1_plus_2_plus_3_plus_4
IL_6662747,2,BKL,BKL,0.0043385791359469295,0.020081660710275173,0.5310098901391029,0.007322103134356439,0.059335082303732634,0.3645820841193199,0.005069929291494191,0.00826065568253398,2,BKL,densenet121,phase1_plus_2_plus_3_plus_4
IL_6676284,0,AK,AKIEC,0.011095029185526073,0.1657104194164276,0.26853105798363686,0.00022406472999136895,0.01312192325713113,0.046485705650411546,0.4923792267218232,0.002452557804645039,6,SCC,densenet121,phase1_plus_2_plus_3_plus_4
IL_6693472,4,MEL,MEL,0.01861392124556005,0.010700814076699317,0.8400492370128632,0.004514716914854944,0.07997065596282482,0.04047078010626137,0.00450919900322333,0.0011707078956533223,2,BKL,densenet121,phase1_plus_2_plus_3_plus_4
IL_6829628,7,VASC,VASC,0.0023818849585950375,0.504965752363205,0.02389637939631939,0.01311685360269621,0.02402662206441164,0.21877523325383663,0.0015046718763187528,0.21133256051689386,1,BCC,densenet121,phase1_plus_2_plus_3_plus_4
IL_6833958,0,AK,AKIEC,0.10843481868505478,0.13922527246177197,0.31307434290647507,0.002524219627957791,0.02749235462397337,0.054265281185507774,0.35356392338871956,0.001419726642780006,6,SCC,densenet121,phase1_plus_2_plus_3_plus_4
IL_6901137,5,NV,NV,0.007365273777395487,0.011229983530938625,0.023832146544009447,0.00903675053268671,0.03810808667913079,0.892448902130127,0.007206744747236371,0.01077213790267706,5,NV,densenet121,phase1_plus_2_plus_3_plus_4
IL_6904251,4,MEL,MEL,0.01579205598682165,0.016890584724023938,0.5775433629751205,0.003787714638747275,0.25872185407206416,0.12273545190691948,0.0025226902798749506,0.0020063177798874676,2,BKL,densenet121,phase1_plus_2_plus_3_plus_4
IL_7034228,6,SCC,SCCKA,0.01142343133687973,0.7736078202724457,0.08037590608000755,0.002793764811940491,0.028101002797484398,0.016989458119496703,0.08368304534815252,0.00302561855642125,1,BCC,densenet121,phase1_plus_2_plus_3_plus_4
IL_7048697,3,DF,DF,0.06970693444600329,0.10935385897755623,0.031103414483368397,0.4129558503627777,0.03199484944343567,0.3126090485602617,0.01661864574998617,0.015657410258427262,3,DF,densenet121,phase1_plus_2_plus_3_plus_4
IL_7092034,1,BCC,BCC,0.042697394266724586,0.5043611004948616,0.008216716814786196,0.0018510331283323467,0.016007851576432586,0.08133523352444172,0.3439503349363804,0.001580297073815018,1,BCC,densenet121,phase1_plus_2_plus_3_plus_4
IL_7141559,7,VASC,VASC,0.003664992982521653,0.19498780369758606,0.031791143119335175,0.0033045905584003776,0.011752988211810589,0.2615868477150798,0.004346455345512368,0.48856521397829056,7,VASC,densenet121,phase1_plus_2_plus_3_plus_4
IL_7210800,4,MEL,MEL,0.0029975223005749285,0.008328046649694443,0.04486910626292229,0.009932489949278533,0.4214111203327775,0.5030818693339825,0.004163326811976731,0.005216450314037502,5,NV,densenet121,phase1_plus_2_plus_3_plus_4
IL_7230788,3,DF,DF,0.002226003703981405,0.009465611601626733,0.002026724032475613,0.9398422241210938,0.004969036839611363,0.038375022857508156,0.002091636386467144,0.0010036794974439545,3,DF,densenet121,phase1_plus_2_plus_3_plus_4
IL_7237859,5,NV,NV,0.037930112797766924,0.052881460171192884,0.020978722721338272,0.004975910298526287,0.03230481594800949,0.8371641635894775,0.005520567181520164,0.008244267897680402,5,NV,densenet121,phase1_plus_2_plus_3_plus_4
IL_7333978,4,MEL,MEL,0.003987162315752357,0.016512382309883833,0.19055390357971191,0.016945601906627417,0.3577660173177719,0.40058300644159317,0.005648513790220022,0.008003399474546313,5,NV,densenet121,phase1_plus_2_plus_3_plus_4
IL_7361836,1,BCC,BCC,0.01129168551415205,0.38409990072250366,0.12598821055144072,0.007482004584744573,0.011679273564368486,0.02909999107941985,0.42687324434518814,0.003485660534352064,6,SCC,densenet121,phase1_plus_2_plus_3_plus_4
IL_7376173,2,BKL,BKL,0.004876517574302852,0.020865876809693873,0.552065446972847,0.013469494180753827,0.009775930782780051,0.3918961379677057,0.003990243800217286,0.0030603950144723058,2,BKL,densenet121,phase1_plus_2_plus_3_plus_4
IL_7528128,3,DF,DF,0.01681076711975038,0.4805153161287308,0.11428108904510736,0.016531871864572167,0.02281869947910309,0.16362572461366653,0.18075632117688656,0.0046602130169048905,1,BCC,densenet121,phase1_plus_2_plus_3_plus_4
IL_7535294,5,NV,NV,0.010261040879413486,0.014760693535208702,0.04698862321674824,0.010982959647662938,0.06276772357523441,0.8158669471740723,0.008644692949019372,0.029727238812483847,5,NV,densenet121,phase1_plus_2_plus_3_plus_4
IL_7560390,2,BKL,BKL,0.06349142082035542,0.07353436923585832,0.6227317154407501,0.003202168270945549,0.11379801947623491,0.09859751677140594,0.022936296183615923,0.0017085100407712162,2,BKL,densenet121,phase1_plus_2_plus_3_plus_4
IL_7627214,1,BCC,BCC,0.004886531387455761,0.6576385200023651,0.029081985354423523,0.0021955706179142,0.028942625038325787,0.2565533588640392,0.018227280233986676,0.0024741028319112957,1,BCC,densenet121,phase1_plus_2_plus_3_plus_4
IL_7680200,0,AK,AKIEC,0.2985657248646021,0.08128070970997214,0.01705943513661623,0.00106581806903705,0.011149854399263859,0.0249000689946115,0.5634674951434135,0.002510884980438277,6,SCC,densenet121,phase1_plus_2_plus_3_plus_4
IL_7687935,7,VASC,VASC,0.0031253633205778897,0.004598294181050733,0.01254190318286419,0.0019289084593765438,0.006556538515724242,0.058387296041473746,0.0011434130283305421,0.9117182493209839,7,VASC,densenet121,phase1_plus_2_plus_3_plus_4
IL_7740320,3,DF,DF,0.0038248140408541076,0.04314791038632393,0.022130874916911125,0.5382965505123138,0.22976569668389857,0.06085946224629879,0.10056039376650006,0.0014143423904897645,3,DF,densenet121,phase1_plus_2_plus_3_plus_4
IL_7749892,3,DF,DF,0.0007647397287655622,0.02372670592740178,0.22567790746688843,0.638786792755127,0.025112220086157322,0.061615295708179474,0.023714754381217062,0.0006016138795530424,3,DF,densenet121,phase1_plus_2_plus_3_plus_4
IL_7760064,0,AK,AKIEC,0.004896192578598857,0.006268407916650176,0.8905254602432251,0.002660112571902573,0.0757231842726469,0.011765864677727222,0.006873782607726753,0.0012869873607996851,2,BKL,densenet121,phase1_plus_2_plus_3_plus_4
IL_7764430,4,MEL,MEL,0.15214052982628345,0.06049541849642992,0.28276154352352023,0.0038127090665511787,0.11227176710963249,0.17004327662289143,0.21475585806183517,0.003718899446539581,2,BKL,densenet121,phase1_plus_2_plus_3_plus_4
IL_7775733,2,BKL,BKL,0.027670168958138674,0.053466012701392174,0.39146124571561813,0.020812637638300657,0.026120338588953018,0.4709402471780777,0.005735168466344476,0.0037942107883282006,5,NV,densenet121,phase1_plus_2_plus_3_plus_4
IL_7803371,6,SCC,SCCKA,0.011920780874788761,0.27124135196208954,0.27514342218637466,0.014926867093890905,0.11332118464633822,0.27206404507160187,0.0381471982691437,0.0032352000707760453,2,BKL,densenet121,phase1_plus_2_plus_3_plus_4
IL_7867833,0,AK,AKIEC,0.05600697733461857,0.09146032854914665,0.3522336035966873,0.01413222262635827,0.36143557727336884,0.12011073995381594,0.0025623070541769266,0.002058267768006772,4,MEL,densenet121,phase1_plus_2_plus_3_plus_4
IL_7991885,3,DF,DF,0.001594945629904032,0.003520250972314898,0.0187569963891292,0.901932954788208,0.004400983400046243,0.06473029039989342,0.004403174119943287,0.0006603723059015465,3,DF,densenet121,phase1_plus_2_plus_3_plus_4
IL_7995949,5,NV,NV,0.008418602868914604,0.018474563024938107,0.04429013468325138,0.008349265437573195,0.05263855680823326,0.8460526168346405,0.009324320824816823,0.012451912742108107,5,NV,densenet121,phase1_plus_2_plus_3_plus_4
IL_8111694,2,BKL,BKL,0.048563464311882854,0.007985203454154544,0.8504610061645508,0.0026895717019215226,0.014757161494344473,0.06169620843138546,0.011882627979503013,0.001964709983440116,2,BKL,densenet121,phase1_plus_2_plus_3_plus_4
IL_8129688,5,NV,NV,0.0088583470787853,0.015102974604815245,0.18718139734119177,0.007010756293311715,0.0812673307955265,0.6868707537651062,0.008875716128386557,0.004832691920455545,5,NV,densenet121,phase1_plus_2_plus_3_plus_4
IL_8147513,5,NV,NV,0.017194224521517754,0.7604164779186249,0.027497834526002407,0.0031327721662819386,0.005598058458417654,0.15932519547641277,0.024029250256717205,0.0028061792254447937,1,BCC,densenet121,phase1_plus_2_plus_3_plus_4
IL_8194145,2,BKL,BKL,0.0009761361870914698,0.0027748701977543533,0.9701337814331055,0.0011811309377662838,0.01358792046085,0.009675172623246908,0.0013853820419171825,0.00028565279353642836,2,BKL,densenet121,phase1_plus_2_plus_3_plus_4
IL_8200270,7,VASC,VASC,0.00022875563035995583,0.0007733269139862387,0.002020952892053174,0.00021712565421694308,0.0010712762668845244,0.006648586320807226,0.00028453356344471104,0.9887554943561554,7,VASC,densenet121,phase1_plus_2_plus_3_plus_4
IL_8208194,6,SCC,SCCKA,0.009283120278269053,0.20427632331848145,0.1358438152819872,0.11020366102457047,0.22339289635419846,0.023778912611305714,0.2915446702390909,0.001676620013313368,6,SCC,densenet121,phase1_plus_2_plus_3_plus_4
IL_8244074,1,BCC,BCC,0.14749379456043243,0.28262902796268463,0.22150669991970062,0.0010392420808784664,0.010302691254764795,0.0649418868124485,0.26990508660674095,0.002181572694098577,1,BCC,densenet121,phase1_plus_2_plus_3_plus_4
IL_8258563,2,BKL,BKL,0.010983889922499657,0.010198552219662815,0.9309994578361511,0.0008962684514699504,0.0304856114089489,0.012389511452056468,0.0035136822261847556,0.0005330529893399216,2,BKL,densenet121,phase1_plus_2_plus_3_plus_4
IL_8326868,0,AK,AKIEC,0.259921551682055,0.0873371995985508,0.500469520688057,0.009416431828867644,0.09147303178906441,0.023488719947636127,0.025276219937950373,0.0026172935031354427,2,BKL,densenet121,phase1_plus_2_plus_3_plus_4
IL_8364095,7,VASC,VASC,0.0031368399504572153,0.0012174903822597116,0.004468155151698738,0.0007105866679921746,0.0032399152987636626,0.02548249065876007,0.0004942386003676802,0.9612503051757812,7,VASC,densenet121,phase1_plus_2_plus_3_plus_4
IL_8376298,3,DF,DF,0.0019802730093942955,0.006068693066481501,0.025287671363912523,0.5007975734770298,0.004633173695765436,0.45506786881014705,0.0025322410801891237,0.0036325235378171783,3,DF,densenet121,phase1_plus_2_plus_3_plus_4
IL_8449031,6,SCC,SCCKA,0.011394242756068707,0.3642057925462723,0.3639099597930908,0.020957165397703648,0.05063041299581528,0.11546295788139105,0.06983699789270759,0.0036025159643031657,1,BCC,densenet121,phase1_plus_2_plus_3_plus_4
IL_8480988,0,AK,AKIEC,0.04928244557231665,0.3442968726158142,0.021065211854875088,0.0007919836643850431,0.009387996280565858,0.006515831919386983,0.5674889385700226,0.0011707677331287414,6,SCC,densenet121,phase1_plus_2_plus_3_plus_4
IL_8507909,1,BCC,BCC,0.011595055228099227,0.1192052960395813,0.02457430656068027,0.0033401328255422413,0.016526268562301993,0.07324347563553602,0.7496165037155151,0.001898969363537617,6,SCC,densenet121,phase1_plus_2_plus_3_plus_4
IL_8538407,1,BCC,BCC,0.0013381233147811145,0.8919298052787781,0.05386205716058612,0.0018956631975015625,0.01166915474459529,0.021868008305318654,0.015151760308071971,0.0022854541894048452,1,BCC,densenet121,phase1_plus_2_plus_3_plus_4
IL_8630897,2,BKL,BKL,0.024717249209061265,0.04904396028723568,0.734275609254837,0.014702025277074426,0.015068358276039362,0.14839877746999264,0.006849740399047732,0.006944290013052523,2,BKL,densenet121,phase1_plus_2_plus_3_plus_4
IL_8663536,4,MEL,MEL,0.00932333548553288,0.016082021174952388,0.14799530990421772,0.006313935969956219,0.557981051504612,0.2473891330882907,0.004016149963717908,0.010899090208113194,4,MEL,densenet121,phase1_plus_2_plus_3_plus_4
IL_8681344,4,MEL,MEL,0.0014707268128404394,0.005267289467155933,0.5594653785228729,0.006175103131681681,0.34238892048597336,0.08071575500071049,0.00249978358624503,0.0020170896023046225,2,BKL,densenet121,phase1_plus_2_plus_3_plus_4
IL_8711548,2,BKL,BKL,0.0011891906215169001,0.009682364205218619,0.5510651655495167,0.0018242984515381977,0.01743408988113515,0.41209611331578344,0.0028931820270372555,0.0038155709316924913,2,BKL,densenet121,phase1_plus_2_plus_3_plus_4
IL_8784837,6,SCC,SCCKA,0.026021339697763324,0.11796512082219124,0.47281181812286377,0.022305556572973728,0.0335659459233284,0.17178888618946075,0.15322145726531744,0.0023198772687464952,2,BKL,densenet121,phase1_plus_2_plus_3_plus_4
IL_8824711,1,BCC,BCC,0.0662805883330293,0.24977914988994598,0.19174578972160816,0.003450412885285914,0.0333248944953084,0.0734043912962079,0.37976194242946804,0.0022527547407662496,6,SCC,densenet121,phase1_plus_2_plus_3_plus_4
IL_8863654,2,BKL,BKL,0.003522153594531119,0.3564353659749031,0.02746443822979927,0.00210958463139832,0.1338772475719452,0.12288215011358261,0.35057633370161057,0.0031327150063589215,1,BCC,densenet121,phase1_plus_2_plus_3_plus_4
IL_8887845,5,NV,NV,0.05195884685963392,0.07764292135834694,0.10520176216959953,0.013276895508170128,0.08810171484947205,0.627512663602829,0.009026888525113463,0.027278277091681957,5,NV,densenet121,phase1_plus_2_plus_3_plus_4
IL_8890308,6,SCC,SCCKA,0.11982614919543266,0.020631023682653904,0.5820787996053696,0.01314852712675929,0.16634813835844398,0.08679551258683205,0.006889023934490979,0.004282856592908502,2,BKL,densenet121,phase1_plus_2_plus_3_plus_4
IL_8933396,3,DF,DF,0.00011585529136937112,0.0008334825088240905,0.00037382066511781886,0.991334855556488,0.0005992952064843848,0.0063799338531680405,0.0002940697886515409,6.86653633010792e-05,3,DF,densenet121,phase1_plus_2_plus_3_plus_4
IL_8937379,2,BKL,BKL,0.059797732392326,0.35160182416439056,0.4716212749481201,0.004098886623978615,0.02912975661456585,0.059532655403018,0.021149556152522564,0.0030682770302519202,2,BKL,densenet121,phase1_plus_2_plus_3_plus_4
IL_8987309,0,AK,AKIEC,0.4768433440476656,0.18408925202675164,0.11238021310418844,0.059215710731223226,0.07152523659169674,0.08082732232287526,0.012089747935533524,0.0030291881412267685,0,AK,densenet121,phase1_plus_2_plus_3_plus_4
IL_8988340,0,AK,AKIEC,0.005366134369978681,0.19040024554124102,0.0677284705452621,0.003054142252949532,0.06018657056847587,0.1596870424109511,0.004706219537183642,0.5088711474090815,7,VASC,densenet121,phase1_plus_2_plus_3_plus_4
IL_9024292,4,MEL,MEL,0.0017071024049073458,0.01227833703160286,0.17064424604177475,0.005959577159956098,0.36132353637367487,0.4412318281829357,0.003712227218784392,0.0031431366223841906,5,NV,densenet121,phase1_plus_2_plus_3_plus_4
IL_9025368,0,AK,AKIEC,0.009151757811196148,0.15141485643107444,0.03233289357740432,0.01044039847329259,0.026023122889455408,0.26925724995089695,0.5004144720733166,0.0009652174048824236,6,SCC,densenet121,phase1_plus_2_plus_3_plus_4
IL_9075898,6,SCC,SCCKA,0.01015108055435121,0.3577130399644375,0.20604345202445984,0.21151347365230322,0.036426601465791464,0.027492360677570105,0.14642297266982496,0.0042370453011244535,1,BCC,densenet121,phase1_plus_2_plus_3_plus_4
IL_9150280,7,VASC,VASC,0.0016505597159266472,0.11488415114581585,0.10686434421222657,0.055583082139492035,0.04926135065034032,0.1745508110616356,0.00910509898676537,0.4881006311625242,7,VASC,densenet121,phase1_plus_2_plus_3_plus_4
IL_9202251,0,AK,AKIEC,0.015222828136757016,0.03525391221046448,0.2406396281439811,0.0008896398867364042,0.0035472347226459533,0.11625447194091976,0.5864295065402985,0.0017627916604396887,6,SCC,densenet121,phase1_plus_2_plus_3_plus_4
IL_9205436,7,VASC,VASC,0.0015709120780229568,0.15439190529286861,0.07812704029493034,0.02613670821301639,0.020529177971184254,0.23638124880380929,0.017941036727279425,0.46492198668420315,7,VASC,densenet121,phase1_plus_2_plus_3_plus_4
IL_9321885,4,MEL,MEL,0.013709128834307194,0.00888947129715234,0.6091178506612778,0.005338732502423227,0.30878365971148014,0.04846043325960636,0.0038203611329663545,0.0018803523271344602,2,BKL,densenet121,phase1_plus_2_plus_3_plus_4
IL_9344336,3,DF,DF,0.010886221192777157,0.5510126799345016,0.01770735578611493,0.04926542937755585,0.013190295547246933,0.24604611843824387,0.10712354257702827,0.004768390208482742,1,BCC,densenet121,phase1_plus_2_plus_3_plus_4
IL_9353162,3,DF,DF,0.004019851214252412,0.2654717415571213,0.010514873778447509,0.13890159805305302,0.011733995634131134,0.087549296207726,0.4802305647172034,0.0015780544199515134,6,SCC,densenet121,phase1_plus_2_plus_3_plus_4
IL_9387962,0,AK,AKIEC,0.16765929072244035,0.12841355940327048,0.1151680665789172,0.0004519714420894161,0.01841045659966767,0.04948504420462996,0.5198229029774666,0.0005887529550818726,6,SCC,densenet121,phase1_plus_2_plus_3_plus_4
IL_9399990,0,AK,AKIEC,0.03409448789898306,0.03163051255978644,0.2917712051421404,0.003935135551728308,0.2058885656297207,0.42441764811519533,0.0008845605188980699,0.0073778724181465805,5,NV,densenet121,phase1_plus_2_plus_3_plus_4
IL_9402270,0,AK,AKIEC,0.5064413994550705,0.07356751151382923,0.10475856252014637,0.013734222389757633,0.16790084913372993,0.10189710324630141,0.028653497342020273,0.0030468632467091084,0,AK,densenet121,phase1_plus_2_plus_3_plus_4
IL_9413629,3,DF,DF,0.002662414391124912,0.20206253627475235,0.013765830855845707,0.5107541205361485,0.06539982379763387,0.1997907931508962,0.00361241475911811,0.0019520554817518132,3,DF,densenet121,phase1_plus_2_plus_3_plus_4
IL_9422892,5,NV,NV,0.010285211028531194,0.013190159574151039,0.03285185480490327,0.011087138205766678,0.05518163554370403,0.8586784303188324,0.006669081514701247,0.01205652323551476,5,NV,densenet121,phase1_plus_2_plus_3_plus_4
IL_9439470,2,BKL,BKL,0.006623726570978761,0.02938566403463483,0.4745946228504181,0.01490567997097969,0.22555595636367798,0.20175657235085964,0.043786494294181466,0.0033912973012775183,2,BKL,densenet121,phase1_plus_2_plus_3_plus_4
IL_9440413,2,BKL,BKL,0.0032867881818674505,0.02001254027709365,0.1271517649292946,0.02986181527376175,0.13409919943660498,0.6687600314617157,0.009583868784829974,0.007244038279168308,5,NV,densenet121,phase1_plus_2_plus_3_plus_4
IL_9453516,3,DF,DF,0.008089720425232372,0.03794464800012065,0.008550602899049409,0.505673416890204,0.029898516324465163,0.395816048810957,0.005827128508826718,0.008199903321155944,3,DF,densenet121,phase1_plus_2_plus_3_plus_4
IL_9482395,4,MEL,MEL,0.0026716207794379443,0.0061116834986023605,0.9049012064933777,0.0037565635284408927,0.06194530590437353,0.0179900829680264,0.0018146843649446964,0.0008088536851573735,2,BKL,densenet121,phase1_plus_2_plus_3_plus_4
IL_9489343,4,MEL,MEL,0.007948614191263914,0.02182400692254305,0.3590309312567115,0.006307223258772865,0.5064935497939587,0.08851148490794003,0.0027686586836352944,0.007115534972399473,4,MEL,densenet121,phase1_plus_2_plus_3_plus_4
IL_9563257,3,DF,DF,0.004945313994539902,0.012070751399733126,0.454545858403435,0.5017675538547337,0.006087349960580468,0.018581387397716753,0.0017754603177309036,0.00022634151991951512,3,DF,densenet121,phase1_plus_2_plus_3_plus_4
IL_9563868,2,BKL,BKL,0.17064695805311203,0.3361620530486107,0.125468160957098,0.003731799079105258,0.06915480783209205,0.0349155985750258,0.2561173476278782,0.0038033302407711744,1,BCC,densenet121,phase1_plus_2_plus_3_plus_4
IL_9572527,4,MEL,MEL,0.004459757707081735,0.015972614288330078,0.011676248628646135,0.007498901337385178,0.4384133741259575,0.48789941519498825,0.009032206609845161,0.025047463830560446,5,NV,densenet121,phase1_plus_2_plus_3_plus_4
IL_9622215,2,BKL,BKL,0.034077463671565056,0.522585641592741,0.03340791608206928,0.025843475945293903,0.0012406999885570258,0.01388045446947217,0.36807214660802856,0.0008921978005673736,1,BCC,densenet121,phase1_plus_2_plus_3_plus_4
IL_9656479,6,SCC,SCCKA,0.41486405953764915,0.08357763849198818,0.15870027244091034,0.0037432234676089138,0.11047115176916122,0.12362481467425823,0.10122232884168625,0.003796484787017107,0,AK,densenet121,phase1_plus_2_plus_3_plus_4
IL_9679718,3,DF,DF,0.00377879902953282,0.3510749111883342,0.039935650303959846,0.08260441059246659,0.02236295025795698,0.03520341496914625,0.4637151453644037,0.0013247494352981448,6,SCC,densenet121,phase1_plus_2_plus_3_plus_4
IL_9713334,3,DF,DF,0.004588396986946464,0.5799122601747513,0.026246894150972366,0.1732019353657961,0.024278242141008377,0.07988683879375458,0.10978293605148792,0.0021025020978413522,1,BCC,densenet121,phase1_plus_2_plus_3_plus_4
IL_9716310,4,MEL,MEL,0.0027045324095524848,0.13425318337976933,0.03012488642707467,0.0028042565099895,0.5363834872841835,0.2807274404913187,0.005889009611564688,0.007113152649253607,4,MEL,densenet121,phase1_plus_2_plus_3_plus_4
IL_9717585,1,BCC,BCC,0.002118097967468202,0.5251541286706924,0.04806873598136008,0.018190090428106487,0.012919493950903416,0.04526358004659414,0.34711626172065735,0.0011696147848851979,1,BCC,densenet121,phase1_plus_2_plus_3_plus_4
IL_9755525,2,BKL,BKL,0.009175442159175873,0.024316497147083282,0.4500526115298271,0.010056065395474434,0.01601278129965067,0.47999008744955063,0.007133878592867404,0.0032626360189169645,5,NV,densenet121,phase1_plus_2_plus_3_plus_4
IL_9782859,1,BCC,BCC,0.014232061337679625,0.3532670885324478,0.0820125958416611,0.011542140739038587,0.015539504121989012,0.13483502203598619,0.3856345973908901,0.002936985983978957,6,SCC,densenet121,phase1_plus_2_plus_3_plus_4
IL_9783995,7,VASC,VASC,0.00027400673934607767,0.0011137618421344087,0.0012718428479274735,0.0007755766564514488,0.0008603527821833268,0.006987668806686997,0.00020693814803962596,0.9885098338127136,7,VASC,densenet121,phase1_plus_2_plus_3_plus_4
IL_9790789,6,SCC,SCCKA,0.15079943276941776,0.13114974461495876,0.139347224496305,0.07180523371789604,0.023927224334329367,0.09372430481016636,0.3878808915615082,0.0013659411342814565,6,SCC,densenet121,phase1_plus_2_plus_3_plus_4
IL_9801115,6,SCC,SCCKA,0.014124864712357521,0.01050095132086426,0.7039942741394043,0.0012551560066640377,0.21239215484820306,0.005953812273219228,0.05113530882226769,0.0006435567629523575,2,BKL,densenet121,phase1_plus_2_plus_3_plus_4
IL_9840825,6,SCC,SCCKA,0.01079642167314887,0.011648592073470354,0.45580751448869705,0.005186597700230777,0.4502256028354168,0.03994014859199524,0.020551964291371405,0.005843164981342852,2,BKL,densenet121,phase1_plus_2_plus_3_plus_4
IL_9897493,4,MEL,MEL,0.003158241102937609,0.004769678460434079,0.27667059004306793,0.003363364434335381,0.447078924626112,0.2600056128576398,0.002874729339964688,0.00207879557274282,4,MEL,densenet121,phase1_plus_2_plus_3_plus_4
IL_9897745,1,BCC,BCC,0.009725328331114724,0.8879703879356384,0.02899285266175866,0.0023123970022425056,0.008992490358650684,0.004319470841437578,0.056965796276926994,0.0007212418859126046,1,BCC,densenet121,phase1_plus_2_plus_3_plus_4
IL_9942096,4,MEL,MEL,0.008651976240798831,0.03375650383532047,0.7423184514045715,0.005154808692168444,0.03262591641396284,0.11254001222550869,0.061845287680625916,0.0031070098048076034,2,BKL,densenet121,phase1_plus_2_plus_3_plus_4
IL_9951114,5,NV,NV,0.009293011389672756,0.03935563750565052,0.10846717189997435,0.009795603342354298,0.16711948066949844,0.6128044426441193,0.028445562347769737,0.02471910323947668,5,NV,densenet121,phase1_plus_2_plus_3_plus_4
IL_9980498,2,BKL,BKL,0.004765101941302419,0.3440794609487057,0.32702754624187946,0.002630125032737851,0.02619974734261632,0.18940900638699532,0.10119543562177569,0.0046935760183259845,1,BCC,densenet121,phase1_plus_2_plus_3_plus_4
IL_9991953,4,MEL,MEL,0.006215990986675024,0.20188379473984241,0.0807889187708497,0.014187060645781457,0.27651315927505493,0.31701168417930603,0.09605124569498003,0.007348140352405608,5,NV,densenet121,phase1_plus_2_plus_3_plus_4
